Unnamed: 0,Issuer.Ticker,Issuer.Name,Sales...1.Yr.Growth,Profit.Margin,Return.on.Assets,Offer.Size..M.,Shares.Outstanding..M.,Offer.Price,Offer.To.1st.Close,Market.Cap.at.Offer..M.,Trade.Date..US.,cusip,Cash.Flow.per.Share,Instit.Owner....Shares.Out.,Instit.Owner..Shares.Held.,Month.Date,Month.of.Quarter,Real.GDP.Per.Capita,OECD.Leading.Indicator,Interest.Rate,Seasonally.Adjusted.Unemployment.Rate,CPI.Growth.Rate,Filing.Term.Price.Range,Priced.Range,Industry.Sector,Industry.Group,Industry.Subgroup,Underpriced,price_1yr,X1_year_return,X1_year_up,actual_date_1yr,days_from_ipo,status,1_Year_excess_return,1_day_excess_return
1,AAOI,Applied Optoelectronics Inc,-9.8,-25.6,-13.8,41.4,13.1496,10.0,-0.400000006,131.5,9/26/13,03823U102,-0.4,43.5371,12418400.0,9/1/13,7/1/13,52284,100.6503359,0.75,7.388513748,0.116300449,13 - 15,Priced Below Range,8,31,49,0,16.81,68.1,1,2014-09-26,365,success,50.4609060477433,-0.748542568208176
2,AAT,American Assets Trust Inc,9.0,9.7,1.7,648.312,36.66,20.5,3.658536673,751.53,1/13/11,24013104,2.8,92.4327,55947800.0,1/1/11,1/1/11,50646,100.2239092,0.75,9.228517755,0.476323005,19 - 21,Priced Within Range,3,3,50,1,12.71,-38.02,0,2012-01-13,365,success,-38.6992523471735,3.82961128393029
3,ABG,Asbury Automotive Group Inc,37.9,5.4,13.7,127.05,34.0,16.5,1.818181872,561.0,3/14/02,43436104,58.4,113.082,25028500.0,3/1/02,1/1/02,46683,99.42674768,1.25,5.882196236,0.562429696,15 - 17,Priced Within Range,5,17,51,1,5.52,-66.52,0,2003-03-14,365,success,-36.2651931588995,1.90915632208026
4,ABNB,Airbnb Inc,77.3,-5.8,10.9,3830.0,103.683,68.0,112.8088226,7050.44,12/10/20,9066101,3.5,68.7472,273783000.0,12/1/20,10/1/20,57005,99.71018332,0.25,6.897872332,0.094147847,56 - 60,Priced Above Range,4,8,9,1,180.42,165.32,1,2021-12-10,365,success,137.155287058734,112.937333387695
5,ABR,Arbor Realty Trust Inc,32.3,42.4,2.2,135.874,14.9496,20.0,2.5,298.99,4/7/04,38923108,1.5,42.1671,72326500.0,4/1/04,4/1/04,48905,101.0072146,2.0,5.662633096,0.320170758,19 - 21,Priced Within Range,3,3,6,1,4.61,-76.97,0,2005-04-07,365,success,-80.787516057703,3.16454194311383
6,ACAD,ACADIA Pharmaceuticals Inc,9.6,-34.6,-32.9,35.0,16.8457,7.0,-4.285714149,117.92,5/27/04,4225108,-0.7,99.0587,160407000.0,5/1/04,4/1/04,48905,100.9690499,2.0,5.649825354,0.585106383,14-Dec,Priced Below Range,0,21,29,0,8.65,23.57,1,2005-05-27,365,success,17.440399969462,-4.85436253685069
7,ACET,Adicet Bio Inc,-45.6,-637.1,-18.2,97.7505,28.0463,15.0,12.53333378,420.695,1/26/18,7002108,-1.6,97.4117,41742200.0,1/1/18,1/1/18,56195,100.4818485,2.0,4.134060502,0.544774545,14 - 16,Priced Within Range,0,21,29,1,59.43,296.2,1,2019-01-28,367,success,303.44397896614,11.3492141357277
8,ACI,Albertsons Cos Inc,3.1,2.2,6.0,800.0,479.027,16.0,-3.4375,7664.43,6/26/20,13091103,7.4,83.2054,445204000.0,6/1/20,4/1/20,52394,96.38894556,0.25,10.71621054,0.547204693,18 - 20,Priced Below Range,0,10,53,0,13.83,-13.57,0,2021-06-28,367,success,-55.358609844422,-1.01480949367879
9,ACLS,Axcelis Technologies Inc,39.5,14.8,20.2,375.1,97.05,22.0,8.806818008,2135.1,7/11/00,54540208,4.4,92.5295,30394700.0,7/1/00,7/1/00,46624,100.5207065,6.0,4.063214054,0.232018561,20 - 22,Priced Within Range,1,4,54,1,51.96,136.18,1,2001-07-11,365,success,155.229482405565,8.45035699379423
10,ACM,AECOM,0.7,1.3,2.5,808.45,97.6077,20.0,5.5,1952.15,5/10/07,00766T100,5.0,90.9836,127058000.0,5/1/07,4/1/07,51705,101.897221,6.25,4.507395483,0.611071867,18 - 20,Priced Within Range,8,32,55,1,28.55,42.73,1,2008-05-09,365,success,49.3610436631647,6.89562770987823
11,ACMR,ACM Research Inc,65.8,14.5,5.3,12.5048,12.9355,5.6,8.035716057,72.4388,11/3/17,00108J109,-0.7,82.882,45065900.0,11/1/17,10/1/17,55877,100.3158857,1.75,4.25663681,0.002432469,7.50 - 9.50,Priced Below Range,1,4,54,1,3.33,-40.54,0,2018-11-05,367,success,-46.4341056561915,7.72600852762866
12,ACRE,Ares Commercial Real Estate Co,13.0,39.7,1.7,142.45,9.235,18.5,-2.702702761,170.85,4/26/12,04013V108,1.1,51.7759,28188200.0,4/1/12,4/1/12,51702,99.90659148,0.75,8.305796918,0.30210295,19 - 20,Priced Below Range,3,3,6,0,4.67,-74.78,0,2013-04-26,365,success,-87.798758311101,-3.37071931351205
13,ACRS,Aclaris Therapeutics Inc,4.3,-1343.9,-30.9,63.25,20.1575,11.0,0.454545468,221.732,10/7/15,00461U105,-0.9,105.571,70398100.0,10/1/15,10/1/15,54045,99.52145458,0.75,5.19705592,-0.044968375,14 - 16,Priced Below Range,0,13,15,1,24.62,123.82,1,2016-10-06,365,success,116.070841133281,-0.34901789044034
14,ADMA,ADMA Biologics Inc,91.7,-88.5,-27.6,28.4996,9.2239,8.5,0.588235319,78.4,10/17/13,899104,-0.8,85.5999,168441000.0,10/1/13,10/1/13,52544,100.65078,0.75,7.416395048,-0.257528326,8.50 - 9.50,Priced Within Range,0,21,29,1,11.75,38.24,1,2014-10-17,365,success,30.7772896628134,-0.0861599745735375
15,ADPT,Adaptive Biotechnologies Corp,56.8,-134.3,-23.6,345.0,123.224,20.0,101.5,2464.48,6/27/19,00650F109,-1.3,96.5751,138114000.0,6/1/19,4/1/19,57418,99.43025865,3.0,3.689126149,0.019914718,18 - 19,Priced Above Range,0,22,32,1,46.29,131.45,1,2020-06-26,365,success,127.16235591591,101.117682430069
16,ADT,ADT Inc,-0.1,-6.4,-0.2,1470.0,748.949,14.0,-11.5,10485.3,1/19/18,00090Q103,2.0,93.666,804331000.0,1/1/18,1/1/18,56195,100.4818485,2.0,4.134060502,0.544774545,17 - 19,Priced Below Range,0,7,58,0,5.68,-59.42,0,2019-01-22,368,success,-53.2163888211141,-11.9385235280833
17,ADUS,Addus HomeCare Corp,13.0,5.2,4.7,54.0,10.4963,10.0,-15.10000038,104.96,10/28/09,6739106,2.5,109.328,17613100.0,10/1/09,10/1/09,49886,98.18717138,0.5,10.18384358,0.096310119,13-Nov,Priced Below Range,0,0,35,0,3.03,-69.7,0,2010-10-28,365,success,-83.4162760820412,-13.1459066310595
18,AEI,Alset Inc,21.9,-521.8,-71.8,15.12,8.56,7.0,-0.285714299,59.92,11/24/20,02115D109,-0.6,4.11907,6117120.0,11/1/20,10/1/20,57005,99.33764341,0.25,6.992358599,-0.061062722,7-Jun,Priced Within Range,3,34,59,0,31.8,354.29,1,2021-11-24,365,success,325.475366867647,-1.90188112017776
19,AFFY,Affymax Inc,-98.5,-1053.6,20.5,106.375,14.0138,25.0,35.52000046,350.34,12/15/06,00826A109,-1.8,0.00133369,500.0,12/1/06,10/1/06,51455,101.3989179,6.25,4.52174096,0.148883375,22 - 24,Priced Above Range,0,21,29,1,9.22,-63.13,0,2007-12-17,367,success,-65.9931681234875,35.4077600366211
20,AFIB,Acutus Medical Inc,103.9,-681.7,-67.4,182.646,26.1073,18.0,47.22222137,469.931,8/6/20,5111109,-3.4,61.6562,17542600.0,8/1/20,7/1/20,56484,98.41453353,0.25,8.302616451,0.315321052,16 - 18,Priced Within Range,0,22,61,1,15.47,-14.06,0,2021-08-06,365,success,-45.5156566924536,46.5794518314968
21,AGNC,AGNC Investment Corp,82.0,82.1,-2.7,200.0,15.0046,20.0,-3.25,300.09,5/15/08,00123Q104,2.9,47.2064,269842000.0,5/1/08,4/1/08,51923,100.5720601,2.25,5.539569455,0.842088603,20 - 20,Priced Within Range,3,3,6,0,1.83,-90.84,0,2009-05-15,365,success,-52.9317844875604,-4.30844644130793
22,AHGP,Alliance Holdings GP LP,-7.0,10.3,10.5,312.5,59.863,25.0,0.0,1496.58,5/10/06,01861G100,9.2,0.0232982,13947.0,5/1/06,4/1/06,51210,101.1215791,6.0,4.71660949,0.496277916,23 - 25,Priced Within Range,2,35,62,0,12.68,-49.28,0,2007-05-10,365,success,-63.6225167964776,0.172814870434657
23,AHH,Armada Hoffler Properties Inc,-25.9,8.9,2.2,218.543,17.2288,11.5,0.695652187,198.13,5/8/13,04208T108,1.5,92.0829,62367600.0,5/1/13,4/1/13,51982,100.4875479,0.75,7.705884828,0.178040777,13-Nov,Priced Within Range,3,3,50,1,4.69,-59.2,0,2014-05-08,365,success,-73.5952641648571,0.281744085852103
24,AI,C3.ai Inc,37.9,-75.9,-19.4,748.65,95.1556,42.0,120.2142868,3996.54,12/9/20,12468P104,-0.8,36.4372,38252300.0,12/1/20,10/1/20,57005,99.71018332,0.25,6.897872332,0.094147847,36 - 38,Priced Above Range,1,5,5,1,32.09,-23.6,0,2021-12-09,365,success,-51.2063055969994,121.009206970167
25,AIRG,Airgain Inc,32.5,-15.6,-18.2,12.0,7.2376,8.0,0.0,57.9008,8/12/16,00938A104,-1.1,57.1084,5838500.0,8/1/16,7/1/16,54549,99.24735392,1.0,4.938698083,0.091843011,10-Sep,Priced Below Range,4,23,34,0,9.91,23.87,1,2017-08-14,367,success,12.2329080699698,0.079604626654628
26,AIZ,Assurant Inc,6.1,13.4,0.9,2024.0,145.072,22.0,12.27272701,3191.58,2/5/04,04621X108,13.2,109.471,57835000.0,2/1/04,1/1/04,48633,100.9457332,2.0,5.666379165,0.539956803,20 - 22,Priced Within Range,3,18,25,1,23.18,5.35,1,2005-02-04,365,success,-0.373954398510056,12.088980075791
27,AKBA,Akebia Therapeutics Inc,-27.6,-132.4,-29.9,114.937,20.147,17.0,57.02941132,342.5,3/20/14,00972D105,-1.5,39.8157,73245700.0,3/1/14,1/1/14,52266,100.6756095,0.75,6.763461499,0.644004413,14 - 17,Priced Within Range,0,13,65,1,12.46,-26.71,0,2015-03-20,365,success,-38.8621780751589,56.4253608527639
28,AL,Air Lease Corp,3.6,20.9,-0.3,922.876,93.8468,26.5,5.471698284,2486.94,4/19/11,00912X302,12.0,105.795,117318000.0,4/1/11,4/1/11,50897,100.1934599,0.75,9.277005673,0.643942954,25 - 28,Priced Within Range,3,26,66,1,20.59,-22.29,0,2012-04-18,365,success,-28.2445058202469,4.89858123034809
29,ALEC,Alector Inc,881.5,-17.5,-16.1,185.051,68.8545,19.0,-5.263157845,1308.24,2/7/19,14442107,3.7,82.0064,67820600.0,2/1/19,1/1/19,57100,99.72456638,3.0,3.848682249,0.422705314,18 - 20,Priced Within Range,0,13,15,0,35.28,85.68,1,2020-02-07,365,success,62.4490958919141,-4.32744385219773
30,ALGM,Allegro MicroSystems Inc,30.0,15.5,13.3,402.5,189.432,14.0,26.4285717,2652.05,10/29/20,01749D105,0.8,50.5858,96774700.0,10/1/20,10/1/20,57005,98.98453016,0.25,7.145794405,0.041493776,14-Dec,Priced Within Range,1,4,54,1,33.36,138.29,1,2021-10-29,365,success,100.781577957651,25.2338386142891
31,ALGN,Align Technology Inc,59.9,19.5,8.8,138.173,45.6157,13.0,33.17307663,593.0,1/26/01,16255101,14.8,95.3796,74503300.0,1/1/01,1/1/01,46519,98.87571881,5.52,4.253849873,0.632183908,14 - 16,Priced Below Range,0,22,61,1,4.3,-66.92,0,2002-01-28,367,success,-49.1053194782691,33.3616615377459
32,ALGT,Allegiant Travel Co,72.5,8.8,-0.9,103.5,19.7959,18.0,39.44444275,356.33,12/8/06,01748X102,31.2,99.1849,18248600.0,12/1/06,10/1/06,51455,101.3989179,6.25,4.52174096,0.148883375,15 - 17,Priced Above Range,5,37,67,1,27.66,53.67,1,2007-12-10,367,success,46.944409132476,39.2632486159314
33,ALNY,Alnylam Pharmaceuticals Inc,71.3,-101.0,-33.7,34.5,19.2833,6.0,0.166666672,115.7,5/27/04,02043Q107,-5.4,115.012,141497000.0,5/1/04,4/1/04,48905,100.9690499,2.0,5.649825354,0.585106383,8-Jun,Priced Within Range,0,21,29,1,7.42,23.67,1,2005-05-27,365,success,17.5403999694621,-0.40198171585069
34,ALRM,Alarm.com Holdings Inc,21.1,6.9,3.5,112.7,45.3714,14.0,20.5714283,635.2,6/26/15,11642105,2.0,99.0231,49423200.0,6/1/15,4/1/15,54021,100.1249321,0.75,5.350969219,0.350287,13 - 15,Priced Within Range,0,7,58,1,23.86,70.43,1,2016-06-27,367,success,69.867062367354,20.6104362948716
35,ALRS,Alerus Financial Corp,-2.2,22.4,1.2,60.06,16.6761,21.0,4.761904716,350.198,9/13/19,01446U103,8.6,45.823,9158760.0,9/1/19,7/1/19,57845,99.2709694,2.5,3.572134909,0.078344858,22 - 24,Priced Below Range,3,9,44,1,18.85,-10.22,0,2020-09-14,367,success,-21.2528244692282,4.83434612625927
36,ALSN,Allison Transmission Holdings,15.4,18.4,11.1,690.345,181.376,23.0,1.739130378,4171.65,3/15/12,01973R101,5.9,114.241,105662000.0,3/1/12,1/1/12,51559,99.92363477,0.75,8.317498152,0.759455862,22 - 24,Priced Within Range,5,38,69,1,19.22,-16.41,0,2013-03-15,365,success,-27.6819219809826,1.14241043459185
37,AM,Antero Midstream Corp,-0.2,36.9,5.8,875.375,186.17,23.5,-6.382978916,4375.0,5/4/17,03676B102,1.4,86.0391,411684000.0,5/1/17,4/1/17,55057,99.9020738,1.5,4.399948582,0.085472183,22 - 25,Priced Within Range,2,2,2,0,8.14,-65.37,0,2018-05-04,365,success,-75.6712278591414,-6.44118919216193
38,AMBA,Ambarella Inc,48.8,-7.9,-6.6,41.4,25.9095,6.0,1.0,155.457,10/10/12,N.A.,1.0,97.7385,37548000.0,10/1/12,10/1/12,51634,99.71850812,0.75,8.014015423,-0.038892514,11-Sep,Priced Below Range,1,4,4,1,19.45,224.17,1,2013-10-10,365,success,206.020673668684,1.61880297498133
39,AMC,AMC Entertainment Holdings Inc,103.4,-50.2,-8.1,378.949,21.5533,18.0,5.0,387.96,12/18/13,00165C104,-1.2,32.6353,173527000.0,12/1/13,10/1/13,52544,100.6417272,0.75,6.837206606,-0.00858115,18 - 20,Priced Within Range,5,16,27,1,191.07,961.49,1,2014-12-18,365,success,952.53796819642,3.3352035934868
40,AMH,American Homes 4 Rent,10.2,14.5,2.0,811.763,184.857,16.0,-2.5,2957.71,8/1/13,02665T306,1.8,100.872,355886000.0,8/1/13,7/1/13,52284,100.641767,0.75,7.391202966,0.120293156,16 - 18,Priced Within Range,3,3,3,0,15.11,-5.56,0,2014-08-01,365,success,-20.9800350214722,-3.75405701095735
41,AMN,AMN Healthcare Services Inc,66.4,8.2,16.7,195.5,40.7146,17.0,27.41176414,692.15,11/13/01,1744101,6.4,112.655,48820200.0,11/1/01,10/1/01,46400,98.44499123,1.58,5.610148971,-0.16882386,14 - 16,Priced Above Range,0,7,73,1,16.33,-3.94,0,2002-11-13,365,success,19.1398243727133,25.5554238096154
42,AMPH,Amphastar Pharmaceuticals Inc,25.1,14.1,11.2,64.4,44.6059,7.0,25.0,312.24,6/25/14,03209R103,2.0,65.3957,31606500.0,6/1/14,4/1/14,52840,100.8107011,0.75,6.174444118,0.186212694,12-Oct,Priced Below Range,0,13,15,1,18.19,159.86,1,2015-06-25,365,success,151.456458356699,24.5102488693243
43,AMRC,Ameresco Inc,17.7,5.8,4.2,90.3971,40.7462,10.0,1.700000048,407.46,7/22/10,2.36E+111,-3.3,97.77,33157900.0,7/1/10,7/1/10,50706,99.58635413,0.75,9.506082108,0.021104306,14 - 16,Priced Below Range,7,39,74,1,14.43,44.3,1,2011-07-22,365,success,22.9901051849601,-0.551337264938095
44,AMSF,AMERISAFE Inc,-6.9,20.8,2.7,76.3717,17.4241,9.0,0.0,156.82,11/18/05,03071H100,1.9,103.985,19919200.0,11/1/05,10/1/05,50629,100.7991232,5.0,5.136890026,-0.803212851,11-Sep,Priced Within Range,3,18,25,0,5.51,-38.82,0,2006-11-20,367,success,-50.955995223213,-0.440132827835127
45,AMST,Amesite Inc,3.3,-1299.8,-84.8,15.0,20.4231,5.0,4.400000095,102.115,9/25/20,31094105,-0.2,4.98185,1509520.0,9/1/20,7/1/20,56484,98.66695103,0.25,8.083785823,0.139274694,4.50 - 5.50,Priced Within Range,1,5,24,1,21.84,336.8,1,2021-09-27,367,success,301.919479011314,2.80232771893624
46,AMTB,Amerant Bancorp Inc,10.3,34.6,1.3,84.877,26.344,13.0,-7.692307472,342.472,12/19/18,23576101,1.8,40.0257,13518400.0,12/1/18,10/1/18,56851,99.94885468,3.0,3.955038353,-0.319396282,13 - 13,Priced Within Range,3,26,76,0,21.04,61.84,1,2019-12-19,365,success,34.4937292312185,-6.15273602500441
47,ANAB,AnaptysBio Inc,-15.7,-91.4,-25.8,86.25,19.9093,15.0,13.33333302,298.639,1/26/17,32724106,-1.6,116.819,33213600.0,1/1/17,1/1/17,54866,99.76074483,1.25,4.769484484,0.582772789,14 - 16,Priced Within Range,0,21,29,1,106.84,612.27,1,2018-01-26,365,success,588.720349068492,13.4068714369633
48,ANCB,Anchor Bancorp Inc/WA,7.3,9.8,0.5,25.5,0.0,10.0,0.0,0.0,1/26/11,32838104,3.0,10.8023,268333.0,1/1/11,1/1/11,50646,100.2239092,0.75,9.228517755,0.476323005,10-Oct,Priced Within Range,3,9,70,0,8.57,-14.3,0,2012-01-26,365,success,-15.689757982656,-0.422090705561673
49,ANET,Arista Networks Inc,27.2,28.5,20.0,259.612,64.3699,43.0,27.9069767,2767.91,6/6/14,40413106,3.3,70.4188,215181000.0,6/1/14,4/1/14,52840,100.8107011,0.75,6.174444118,0.186212694,36 - 40,Priced Above Range,4,23,77,1,4.92,-88.56,0,2015-06-08,367,success,-96.0698567501855,27.4442008540417
50,ANGO,AngioDynamics Inc,8.6,-8.4,-5.8,24.6675,11.15,11.0,13.63636398,122.65,5/27/04,03475V101,-0.1,98.0723,38353900.0,5/1/04,4/1/04,48905,100.9690499,2.0,5.649825354,0.585106383,14-Dec,Priced Below Range,0,22,78,1,20.39,85.36,1,2005-05-27,365,success,79.230399969462,13.0677155921493
51,AOSL,Alpha & Omega Semiconductor Lt,18.3,58.2,39.5,91.5477,22.0875,18.0,-1.666666627,397.57,4/29/10,N.A.,8.1,83.3509,22844800.0,4/1/10,4/1/10,50424,99.72769411,0.75,10.14140777,0.173688491,17 - 19,Priced Within Range,1,4,4,0,14.18,-21.22,0,2011-04-29,365,success,-32.8592347921429,-2.9609894340565
52,APAM,Artisan Partners Asset Managem,36.4,27.4,22.3,381.369,12.7123,30.0,29.43333244,381.37,3/7/13,04316A108,6.6,92.5844,62875000.0,3/1/13,1/1/13,51998,100.2801151,0.75,7.574579728,0.261450858,27 - 29,Priced Above Range,3,26,39,1,23.57,-21.42,0,2014-03-07,365,success,-42.7603213750254,29.2516832845991
53,APEI,American Public Education Inc,30.1,4.2,-14.3,107.812,17.7519,20.0,79.59999847,355.04,11/8/07,02913V103,0.9,111.478,21060400.0,11/1/07,10/1/07,52066,101.5178052,5.0,4.772251125,0.593961787,18 - 19,Priced Above Range,0,7,79,1,46.02,130.1,1,2008-11-07,365,success,165.495349337248,79.6575996818893
54,APLP,Archrock Partners LP,15.3,8.5,2.5,132.825,7.15,21.0,7.285714149,150.15,10/17/06,03957U100,3.2,100.0,70231000.0,10/1/06,10/1/06,51455,101.1917389,6.25,4.45357667,-0.542138985,19 - 21,Priced Within Range,2,29,46,1,11.99,-42.89,0,2007-10-17,365,success,-55.6813180405597,7.65165938033334
55,APLS,Apellis Pharmaceuticals Inc,-73.4,-1121.2,-90.6,172.495,50.864,14.0,0.214285716,712.096,11/9/17,03753U106,-6.6,107.752,119147000.0,11/1/17,10/1/17,55877,100.3158857,1.75,4.25663681,0.002432469,13 - 15,Priced Within Range,0,21,29,1,14.85,6.07,1,2018-11-09,365,success,-2.80054056772243,0.590474494827347
56,APPF,Appfolio Inc,15.9,0.2,-12.5,85.56,7.13,12.0,17.33333397,85.56,6/26/15,03783C100,1.0,86.6012,17679400.0,6/1/15,4/1/15,54021,100.1249321,0.75,5.350969219,0.350287,14-Dec,Priced Within Range,1,5,5,1,13.46,12.17,1,2016-06-27,367,success,11.6070623673539,17.3723419648716
57,APPN,Appian Corp,21.2,-24.0,-30.0,86.25,7.1875,12.0,25.08333397,704.255,5/25/17,03782L101,-0.7,81.8299,33591000.0,5/1/17,4/1/17,55057,99.9020738,1.5,4.399948582,0.085472183,13-Nov,Priced Within Range,1,5,81,1,31.19,159.92,1,2018-05-25,365,success,146.743571903091,24.6391391648607
58,APTI,Apptio Inc,17.4,-13.5,-7.9,110.4,6.9,16.0,40.9375,596.573,9/23/16,03835C108,0.2,0.302104,137660.0,9/1/16,7/1/16,54549,99.32291136,1.0,5.067702195,0.240399586,13 - 15,Priced Above Range,1,5,81,1,17.3,8.12,1,2017-09-25,367,success,-7.39770305011084,41.5111774814255
59,AQST,Aquestive Therapeutics Inc,10.8,-138.7,-121.2,73.8855,24.4257,15.0,7.0,366.385,7/25/18,3.84E+107,-0.8,30.0102,16252300.0,7/1/18,7/1/18,56831,100.5899154,2.5,3.862981324,0.006746326,14 - 16,Priced Within Range,0,13,15,1,3.6,-76.0,0,2019-07-25,365,success,-82.0957737109373,6.08983949468313
60,AR,Antero Resources Corp,27.3,-3.4,14.8,1802.41,265.624,44.0,18.20454597,11687.5,10/10/13,03674X106,5.3,89.9989,270119000.0,10/1/13,10/1/13,52544,100.65078,0.75,7.416395048,-0.257528326,38 - 42,Priced Above Range,2,28,43,1,47.38,7.68,1,2014-10-10,365,success,-8.64615365881087,16.0214963155646
61,ARAY,Accuray Inc,8.4,-1.2,-2.0,331.2,52.2124,18.0,58.16666794,939.82,2/8/07,4397105,-0.02606,66.3886,62258400.0,2/1/07,1/1/07,51492,101.6073514,6.25,4.611606375,0.535036756,17 - 18,Priced Within Range,0,22,61,1,11.31,-37.17,0,2008-02-08,365,success,-28.7560483573428,58.2845946566256
62,ARCC,Ares Capital Corp,20.4,86.1,3.9,165.0,17.0168,15.0,0.13333334,255.25,10/5/04,04010L103,-5.5,34.4133,178075000.0,10/1/04,10/1/04,49623,100.5370284,2.75,5.523151518,0.526592944,15 - 15,Priced Within Range,3,24,37,1,1.94,-87.05,0,2005-10-05,365,success,-95.3648297601514,0.194122822919077
63,ARDS,Aridis Pharmaceuticals Inc,53.5,-2748.7,-324.5,28.5064,7.9994,13.0,0.0,103.992,8/14/18,40334104,-1.8,17.2665,3056440.0,8/1/18,7/1/18,56831,100.5227439,2.5,3.835982303,0.055554233,13 - 15,Priced Within Range,0,21,29,0,8.38,-35.58,0,2019-08-14,365,success,-38.6208917092476,-0.638925467126028
64,ARDX,Ardelyx Inc,33.3,-1566.4,-80.1,69.0046,18.5291,14.0,0.785714269,259.41,6/19/14,39697107,-1.4,41.4247,77654600.0,6/1/14,4/1/14,52840,100.8107011,0.75,6.174444118,0.186212694,13 - 15,Priced Within Range,0,21,29,1,16.48,17.71,1,2015-06-19,365,success,10.5162566375391,0.657966411303464
65,ARES,Ares Management Corp,108.4,8.7,0.8,220.199,80.6677,19.0,-2.105263233,1532.69,5/2/14,03990B101,-15.8,99.8473,173155000.0,5/1/14,4/1/14,52840,100.7710708,0.75,6.397136369,0.349260984,21 - 23,Priced Below Range,3,41,87,0,11.78,-37.98,0,2015-05-04,367,success,-48.8441564886386,-1.97041873036771
66,ARI,Apollo Commercial Real Estate,-2.8,56.5,3.4,200.0,21.525,20.0,-7.5,430.5,9/24/09,03762U105,1.4,67.7091,95196300.0,9/1/09,7/1/09,49473,97.75545488,0.5,9.999140225,0.062548069,20 - 20,Priced Within Range,3,3,6,0,3.09,-84.55,0,2010-09-24,365,success,-92.4964776352349,-6.54889703285462
67,ARII,American Railcar Industries In,-25.3,29.8,9.9,205.275,21.2078,21.0,9.309523582,445.36,1/20/06,02916P103,6.8,0.187871,35853.0,1/1/06,1/1/06,51200,101.0885803,5.5,4.753347115,0.762195122,16 - 18,Priced Above Range,8,42,88,1,22.19,5.65,1,2007-01-22,367,success,-7.74764971103734,11.1421551176155
68,ARLO,Arlo Technologies Inc,21.8,-12.8,-13.3,187.957,74.2473,16.0,38.125,1187.96,8/3/18,04206A101,-0.2,74.615,66013200.0,8/1/18,7/1/18,56831,100.5227439,2.5,3.835982303,0.055554233,18 - 20,Priced Below Range,0,7,89,1,3.91,-75.56,0,2019-08-05,367,success,-78.7884735274208,37.6605816974031
69,ARMK,Aramark,-5.7,-0.7,1.0,833.75,229.837,20.0,13.5,4596.74,12/12/13,03852U106,2.7,127.998,329873000.0,12/1/13,10/1/13,52544,100.6417272,0.75,6.837206606,-0.00858115,20 - 23,Priced Within Range,5,40,80,1,17.98,-10.09,0,2014-12-12,365,success,-24.2065877217685,13.8770562057067
70,AROPQ,ARO Liquidation Inc,-18.0,-9.0,-28.5,258.75,34.0405,18.0,54.16666794,612.73,5/16/02,00215Q103,-0.8,0.0345968,27900.0,5/1/02,4/1/02,46866,99.45832738,1.25,5.85679877,0.0,15 - 17,Priced Above Range,5,17,23,1,5.66,-68.56,0,2003-05-16,365,success,-54.0867153879737,53.51042825287
71,ARRY,Array Technologies Inc,-2.2,-5.9,-0.9,1201.75,126.994,22.0,65.6818161,2793.87,10/15/20,04271T100,-2.0,119.766,180236000.0,10/1/20,10/1/20,57005,98.98453016,0.25,7.145794405,0.041493776,19 - 21,Priced Above Range,2,15,19,1,18.87,-14.23,0,2021-10-15,365,success,-39.5063064976962,65.8345916310524
72,ARVN,Arvinas Inc,114.2,-408.9,-22.7,123.208,32.3592,16.0,0.3125,517.747,9/27/18,04335A105,11.1,98.1285,52231400.0,9/1/18,7/1/18,56831,100.4151294,2.75,3.746935562,0.116202518,14 - 16,Priced Within Range,0,13,90,1,22.75,42.19,1,2019-09-27,365,success,40.0067427247769,0.0361713014884701
73,ASO,Academy Sports & Outdoors Inc,19.0,9.9,13.8,226.622,89.9106,13.0,-0.07692308,1168.84,10/2/20,00402L107,7.4,104.718,83498700.0,10/1/20,10/1/20,57005,98.98453016,0.25,7.145794405,0.041493776,15 - 17,Priced Below Range,5,17,92,0,39.29,202.26,1,2021-10-04,367,success,173.616038389978,0.880842139199447
74,ASPN,Aspen Aerogels Inc,21.2,-30.5,-31.2,82.5,23.0,11.0,-2.272727251,253.0,6/13/14,04523Y105,-0.6,96.9333,39654900.0,6/1/14,4/1/14,52840,100.8107011,0.75,6.174444118,0.186212694,14 - 16,Priced Below Range,5,17,93,0,6.49,-41.0,0,2015-06-15,367,success,-49.9197209924435,-2.58618342950891
75,ATEC,Alphatec Holdings Inc,67.8,-59.3,-34.2,83.7,34.7602,9.0,-0.222222224,312.84,6/2/06,02081G201,-0.7,64.526,67790000.0,6/1/06,4/1/06,51210,101.0698362,6.25,4.703669147,0.197530864,12-Nov,Priced Below Range,0,22,61,0,43.92,388.0,1,2007-06-04,367,success,368.739314667867,-0.417445880667309
76,ATEN,A10 Networks Inc,10.8,37.9,10.8,187.5,59.029,15.0,8.066666603,885.44,3/21/14,2121101,0.6,110.71,81314300.0,3/1/14,1/1/14,52266,100.6756095,0.75,6.763461499,0.644004413,13 - 15,Priced Within Range,4,23,77,1,4.33,-71.13,0,2015-03-23,367,success,-83.0639732557489,8.3599337314167
77,ATER,Aterian Inc,33.4,-95.2,-54.7,36.0,17.5408,10.0,0.0,175.408,6/12/19,02156U101,-1.1,26.8326,21699700.0,6/1/19,4/1/19,57418,99.43025865,3.0,3.689126149,0.019914718,14 - 16,Priced Below Range,5,44,96,0,59.04,490.4,1,2020-06-11,365,success,479.033402064094,0.203757920348813
78,ATKR,Atkore Inc,65.8,20.0,40.1,192.0,62.4584,16.0,0.0,999.334,6/10/16,47649108,12.3,114.891,47473900.0,6/1/16,4/1/16,54334,99.18337219,1.0,4.950735144,0.328436617,20 - 22,Priced Below Range,8,31,49,0,21.27,32.94,1,2017-06-12,367,success,16.8279445799137,0.917518113312521
79,ATOM,Atomera Inc,545.1,-3928.5,-51.7,24.0,11.3232,7.5,7.733333111,84.924,8/5/16,04965B100,-0.5,32.4636,7743780.0,8/1/16,7/1/16,54549,99.24735392,1.0,4.938698083,0.091843011,7.50 - 7.50,Priced Within Range,1,4,4,1,5.09,-32.13,0,2017-08-07,367,success,-45.3827259751754,6.8729834748674
80,ATRC,AtriCure Inc,32.8,18.3,-9.3,55.2,11.9015,12.0,17.33333397,142.82,8/5/05,04963C209,-0.3,105.045,48854600.0,8/1/05,7/1/05,50470,100.3998318,4.5,4.955369401,0.511770727,14-Dec,Priced Within Range,0,22,61,1,6.09,-49.25,0,2006-08-07,367,success,-53.6408264760878,18.0971697697326
81,ATUS,Altice USA Inc,1.9,9.8,1.9,2151.73,246.751,30.0,9.033333778,22112.1,6/22/17,02156K103,6.2,121.565,328636000.0,6/1/17,4/1/17,55057,99.9382068,1.75,4.359433085,0.090711101,27 - 31,Priced Within Range,4,6,97,1,17.14,-42.87,0,2018-06-22,365,success,-56.5409824604642,9.07891196790854
82,AVAV,AeroVironment Inc,12.8,-0.9,0.1,130.985,18.1565,17.0,40.76470566,308.66,1/23/07,8073108,-0.3,95.8338,23948000.0,1/1/07,1/1/07,51492,101.5038509,6.25,4.666318328,0.305252725,14 - 16,Priced Above Range,8,45,98,1,23.59,38.76,1,2008-01-23,365,success,45.9589334463052,40.4105091546023
83,AVIR,Atea Pharmaceuticals Inc,622.4,34.4,1.9,345.0,82.6169,24.0,26.41666603,1982.81,10/30/20,04683R106,-1.0,75.6732,63026400.0,10/1/20,10/1/20,57005,98.98453016,0.25,7.145794405,0.041493776,22 - 24,Priced Within Range,0,21,29,1,12.0,-50.0,0,2021-11-01,367,success,-90.5650214932402,27.629621028539
84,AVO,Mission Produce Inc,3.4,5.0,2.7,110.4,70.5509,12.0,15.0,846.611,10/1/20,60510V108,0.6,23.7308,16769200.0,10/1/20,10/1/20,57005,98.98453016,0.25,7.145794405,0.041493776,15 - 17,Priced Below Range,0,10,95,1,18.73,56.08,1,2021-10-01,365,success,27.1324166523993,14.4707092179602
85,AVTR,Avantor Inc,15.5,7.7,5.0,3332.7,596.39,14.0,3.571428537,8349.46,5/17/19,05352A100,1.6,98.9465,667102000.0,5/1/19,4/1/19,57418,99.50838434,3.0,3.645931768,0.212875859,14 - 15,Priced Within Range,0,22,32,1,18.28,30.57,1,2020-05-18,367,success,30.8158456084988,4.15516186997621
86,AWK,American Water Works Co Inc,4.0,32.1,5.0,1358.23,165.173,21.5,-4.1860466,3551.22,4/23/08,30420103,7.9,95.108,172933000.0,4/1/08,4/1/08,51923,100.8199384,2.25,5.068677266,0.606477839,24 - 26,Priced Below Range,7,46,99,0,12.2,-43.26,0,2009-04-23,365,success,-4.86312362469932,-4.47603839986737
87,AX,Axos Financial Inc,6.9,33.4,1.4,35.1003,8.29982,11.5,0.0,95.45,3/15/05,05465C100,3.5,84.0314,50418300.0,3/1/05,1/1/05,50068,100.3371414,3.75,5.264626342,0.782064651,13-Sep,Priced Within Range,3,20,100,0,1.8,-84.35,0,2006-03-15,365,success,-91.5618559799624,0.752380727281188
88,AXTA,Axalta Coating Systems Ltd,18.1,5.9,2.8,1121.25,229.069,19.5,6.410256386,4466.85,11/12/14,N.A.,2.5,111.872,246800000.0,11/1/14,10/1/14,53464,100.7732648,0.75,5.911112923,-0.539941794,18 - 21,Priced Within Range,6,14,101,1,27.58,41.44,1,2015-11-12,365,success,39.3072895375935,6.48036806832957
89,BAH,Booz Allen Hamilton Holding Co,6.4,5.5,8.5,273.7,122.722,17.0,13.23529434,2086.27,11/17/10,99502106,5.4,98.3987,130109000.0,11/1/10,10/1/10,50859,99.91560898,0.75,9.89147006,0.042064642,17 - 19,Priced Within Range,0,7,8,1,5.81,-65.82,0,2011-11-17,365,success,-72.0299682766177,13.2140780520684
90,BANC,Banc of California Inc,0.4,22.8,1.1,63.48,0.0,12.0,18.58333397,0.0,8/23/02,05990K106,1.4,98.2349,58628300.0,8/1/02,7/1/02,46936,98.7542201,1.25,5.802988169,0.333148251,12-Dec,Priced Within Range,3,20,100,1,10.99,-8.41,0,2003-08-25,367,success,-15.0432967251729,20.8519562327223
91,BAND,Bandwidth Inc,43.0,-5.5,-2.0,83.26,4.0348,20.0,5.949999809,80.696,11/10/17,05988J103,1.6,109.072,25478400.0,11/1/17,10/1/17,55877,100.3158857,1.75,4.25663681,0.002432469,20 - 22,Priced Within Range,1,5,82,1,47.31,136.55,1,2018-11-12,367,success,127.85503718625,6.03976418035733
92,BANX,ArrowMark Financial Corp,4.2,72.7,2.4,113.125,0.0,25.0,0.0,0.0,11/7/13,861780104,-4.5,28.005,1988180.0,11/1/13,10/1/13,52544,100.6507643,0.75,7.112790148,-0.204242419,25 - 25,Priced Within Range,3,24,37,0,8.93,-64.28,0,2014-11-07,365,success,-80.1011898350408,1.31827720754298
93,BBDC,Barings BDC Inc,90.5,57.4,0.9,71.55,6.68677,15.0,6.666666508,100.3,2/15/07,06759L103,-6.0,51.9687,56558500.0,2/1/07,1/1/07,51492,101.6073514,6.25,4.611606375,0.535036756,15 - 15,Priced Within Range,3,24,37,1,1.88,-87.46,0,2008-02-15,365,success,-81.3095689642956,6.5629071491628
94,BBGI,Beasley Broadcast Group Inc,17.1,-0.5,-1.2,106.175,0.0,15.5,-8.870967865,0.0,2/10/00,74014101,-0.0651732,33.3696,4300370.0,2/1/00,1/1/00,45983,101.1578089,5.24,4.108885838,0.592417062,15 - 18,Priced Within Range,4,6,103,0,170.38,999.21,1,2001-02-09,365,success,1004.56984863098,-9.23364824138363
95,BBIO,Bridgebio Pharma Inc,745.1,-806.9,-64.9,399.5,123.5,17.0,62.05882263,2099.5,6/27/19,10806X102,-3.4,102.645,153438000.0,6/1/19,4/1/19,57418,99.43025865,3.0,3.689126149,0.019914718,14 - 16,Priced Above Range,0,21,29,1,33.2,95.29,1,2020-06-26,365,success,91.0023559159101,61.6765050600693
96,BBW,Build-A-Bear Workshop Inc,61.1,11.4,18.9,172.086,19.5517,20.0,25.25,391.03,10/28/04,120076104,1.8,75.3705,11269500.0,10/1/04,10/1/04,49623,100.5370284,2.75,5.523151518,0.526592944,18 - 20,Priced Within Range,5,17,104,1,19.8,-1.0,0,2005-10-28,365,success,-7.12893826865053,25.0687384968458
97,BCAB,BioAtla Inc,-41.7,-38160.8,-43.8,217.35,31.0716,18.0,72.33333588,559.289,12/16/20,09077B104,-1.8,73.0568,33686800.0,12/1/20,10/1/20,57005,99.71018332,0.25,6.897872332,0.094147847,15 - 17,Priced Above Range,0,21,29,1,19.57,8.72,1,2021-12-16,365,success,-16.4860819054716,72.1560563548368
98,BCC,Boise Cascade Co,44.7,8.9,30.6,284.117,43.2294,21.0,24.52380943,907.82,2/6/13,09739D100,16.9,104.918,41387900.0,2/1/13,1/1/13,51998,100.169431,0.75,7.762535211,0.819002953,18 - 20,Priced Above Range,8,47,105,1,19.84,-5.53,0,2014-02-06,365,success,-21.605440891184,24.4688923738041
99,BCML,BayCom Corp,-3.2,24.6,1.0,72.1358,10.7911,22.0,4.545454502,237.404,5/4/18,07272M107,0.9,60.2467,7823150.0,5/1/18,4/1/18,56512,100.6574226,2.25,3.818462099,0.415891693,21 - 23,Priced Within Range,3,9,70,1,23.07,4.86,1,2019-05-06,367,success,-5.73615003510512,3.26433658281347
100,BCSF,Bain Capital Specialty Finance,1.5,60.6,3.9,151.875,51.4821,20.25,-11.11111069,1042.51,11/15/18,05684B107,4.1,53.8677,34778200.0,11/1/18,10/1/18,56851,100.1040647,2.75,3.779995013,-0.334934852,20.25 - 21.25,Priced Within Range,3,24,37,0,9.72,-52.02,0,2019-11-15,365,success,-65.4413588226674,-12.1704860249406
101,BDSX,Biodesix Inc,19.6,-79.1,-63.5,72.0,26.2541,18.0,-28.83333397,472.574,10/28/20,09075X108,-1.0,10.0255,4220090.0,10/1/20,10/1/20,57005,98.98453016,0.25,7.145794405,0.041493776,17 - 19,Priced Within Range,0,21,29,0,151.2,740.0,1,2021-10-28,365,success,700.142218248037,-25.304546074959
102,BE,Bloom Energy Corp,22.4,-16.9,-17.2,310.5,20.7,15.0,66.66666412,1591.0,7/25/18,93712107,-0.3,89.7984,161079000.0,7/1/18,7/1/18,56831,100.5899154,2.5,3.862981324,0.006746326,13 - 15,Priced Within Range,8,43,106,1,10.63,-29.13,0,2019-07-25,365,success,-35.2257737109373,65.7565036146831
103,BEAM,Beam Therapeutics Inc,215917.0,-714.9,-25.1,206.999,51.2513,17.0,10.29411793,871.272,2/6/20,07373V105,-1.0,83.3965,58768700.0,2/1/20,1/1/20,57279,99.15001442,2.25,3.567732608,0.274061813,15 - 17,Priced Within Range,0,21,29,1,116.16,583.29,1,2021-02-05,365,success,568.812362833136,9.961550639001
104,BEEM,Beam Global,44.9,-73.2,-22.2,13.8,4.3177,6.0,-9.333333015,25.9062,4/16/19,07373B109,-0.7,28.2639,2853400.0,4/1/19,4/1/19,57418,99.58445085,3.0,3.5977807,0.529500161,9-Sep,Priced Below Range,2,15,19,0,6.73,12.17,1,2020-04-15,365,success,14.2683398609585,-9.38426883367543
105,BFAM,Bright Horizons Family Solutio,15.8,4.0,2.1,255.53,64.3861,22.0,28.72727203,1416.49,1/25/13,109194100,3.7,108.386,62593000.0,1/1/13,1/1/13,51998,100.0401909,0.75,8.002806341,0.295730419,19 - 21,Priced Above Range,0,7,79,1,36.41,65.5,1,2014-01-27,367,success,43.8427364370088,28.1827238373042
106,BFH,Bread Financial Holdings Inc,-3.7,21.9,1.6,179.4,71.8615,12.0,16.66666603,862.34,6/8/01,18581108,31.0,103.143,51420200.0,6/1/01,4/1/01,46698,98.37369592,3.47,4.600539781,0.16882386,14-Dec,Priced Within Range,3,26,109,1,14.75,22.9,1,2002-06-10,367,success,42.2444819238828,17.6063979218757
107,BFIN,BankFinancial Corp,-10.2,14.9,0.5,244.66,0.0,10.0,36.0,0.0,6/24/05,06643P104,0.5,75.2904,9729150.0,6/1/05,4/1/05,50204,100.2962748,4.25,5.089785897,0.051440329,10-Oct,Priced Within Range,3,20,110,1,10.07,0.72,1,2006-06-26,367,success,-3.81435655887211,36.7628720988544
108,BG,Bunge Ltd,42.8,3.5,6.1,300.402,81.98,16.0,0.0,1311.68,8/2/01,N.A.,-20.5,107.546,161105000.0,8/1/01,7/1/01,46390,98.27919277,3.16,4.983653131,0.0,16 - 18,Priced Within Range,0,49,111,0,12.48,-22.02,0,2002-08-02,365,success,7.56672887159533,-0.396399939630077
109,BGFV,Big 5 Sporting Goods Corp,11.5,8.8,8.1,119.665,21.6785,13.0,1.307692289,281.82,6/25/02,08915P101,5.3,52.3314,11609400.0,6/1/02,4/1/02,46866,99.28163343,1.25,5.848524429,0.055617353,14 - 16,Priced Below Range,5,17,92,1,5.33,-59.0,0,2003-06-25,365,success,-59.5634437598846,2.97784667184261
110,BILL,Bill.com Holdings Inc,169.4,-50.8,-3.7,248.534,71.0279,22.0,61.36363602,1562.61,12/12/19,90043100,-0.1,118.438,125155000.0,12/1/19,10/1/19,58017,99.28850897,2.25,3.589843424,-0.090976953,19 - 21,Priced Above Range,1,5,81,1,143.43,551.95,1,2020-12-11,365,success,536.0358813541,60.5061134599499
111,BJ,BJ's Wholesale Club Holdings I,8.0,2.5,8.3,733.125,131.933,17.0,29.41176414,2242.86,6/28/18,05550J101,6.1,104.375,140978000.0,6/1/18,4/1/18,56512,100.6340823,2.5,4.03458096,0.15938757,15 - 17,Priced Within Range,5,17,113,1,26.4,55.29,1,2019-06-28,365,success,47.6101012230246,28.7938951459932
112,BKD,Brookdale Senior Living Inc,-22.0,-3.6,-1.4,241.923,64.9,19.0,33.84210587,1233.1,11/22/05,112463104,-0.5,116.482,217595000.0,11/1/05,10/1/05,50629,100.7991232,5.0,5.136890026,-0.803212851,17 - 19,Priced Within Range,0,0,114,1,42.53,123.84,1,2006-11-22,365,success,112.797603116919,33.3336782394447
113,BKU,BankUnited Inc,-8.9,44.6,0.9,900.45,101.322,27.0,5.185184956,2735.69,1/28/11,06652K103,13.5,111.795,86384400.0,1/1/11,1/1/11,50646,100.2239092,0.75,9.228517755,0.476323005,23 - 25,Priced Above Range,3,9,91,1,15.58,-42.3,0,2012-01-30,367,success,-45.5977176239265,6.9704376072267
114,BL,Blackline Inc,21.0,-27.0,-4.2,168.13,50.6211,17.0,39.41176605,860.559,10/28/16,09239B109,1.3,109.464,65434200.0,10/1/16,10/1/16,54714,99.43029734,1.0,4.98714224,0.124674851,16 - 17,Priced Within Range,1,5,81,1,34.82,104.82,1,2017-10-30,367,success,84.4104831165968,39.7225959865589
115,BLDR,Builders FirstSource Inc,132.4,8.6,25.1,225.4,32.6482,16.0,-3.5,522.37,6/22/05,12008R107,8.6,114.904,169111000.0,6/1/05,4/1/05,50204,100.2962748,4.25,5.089785897,0.051440329,15 - 17,Priced Within Range,8,47,102,0,15.9,-0.65,0,2006-06-22,365,success,-2.81166259365975,-3.52224932254491
116,BLKB,Blackbaud Inc,1.5,0.6,-1.4,74.5088,42.12,8.0,6.875,336.96,7/22/04,09227Q100,4.5,118.896,63130700.0,7/1/04,7/1/04,49243,100.8035013,2.25,5.557144436,-0.158144439,12-Oct,Priced Below Range,1,5,81,1,11.4,42.45,1,2005-07-22,365,success,30.3689294603074,6.60440715741485
117,BLMN,Bloomin' Brands Inc,30.0,5.2,3.2,202.331,121.103,11.0,12.81818199,1332.13,8/8/12,94235108,4.5,113.482,99630000.0,8/1/12,7/1/12,51684,99.62800078,0.75,8.170957946,0.556515818,13 - 15,Priced Below Range,5,17,33,1,19.05,73.22,1,2013-08-08,365,success,52.1633886903327,12.7560993543344
118,BMNM,Bimini Capital Management Inc,357.8,2.9,-4.1,83.375,15.0122,14.5,5.86206913,217.68,9/16/04,90319401,0.4,2.02237,207228.0,9/1/04,7/1/04,49243,100.6016182,2.75,5.442069061,0.211081794,13 - 15,Priced Within Range,3,24,37,1,74.41,413.2,1,2005-09-16,365,success,403.613889541611,5.58269668929125
119,BNL,Broadstone Net Lease Inc,19.0,26.7,2.4,629.0,0.0,17.0,-4.117647171,0.0,9/17/20,1.11E+207,1.6,54.14,93724300.0,9/1/20,7/1/20,56484,98.66695103,0.25,8.083785823,0.139274694,17 - 19,Priced Within Range,3,3,50,0,19.47,14.54,1,2021-09-17,365,success,-18.9329471062852,-3.27641059714736
120,BOC,Boston Omaha Corp,24.5,92.5,-4.7,97.0495,13.3072,13.0,1.538461566,172.994,6/16/17,101044105,0.2,78.9733,22620200.0,6/1/17,4/1/17,55057,99.9382068,1.75,4.359433085,0.090711101,14-Dec,Priced Within Range,4,19,117,1,22.06,69.69,1,2018-06-18,367,success,55.3324757178812,1.51009764589188
121,BOJA,Bojangles' Inc,2.9,13.1,9.5,169.337,35.9038,19.0,25.0,682.172,5/8/15,97488100,1.3,0.35246,132344.0,5/1/15,4/1/15,54021,100.231857,0.75,5.674303505,0.509723203,18 - 19,Priced Within Range,5,17,33,1,17.77,-6.47,0,2016-05-09,367,success,-3.37609082897931,23.6542098659004
122,BOOT,Boot Barn Holdings Inc,66.5,12.9,14.6,92.0,25.6794,16.0,9.0625,410.87,10/30/14,99406100,3.0,112.778,33620800.0,10/1/14,10/1/14,53464,100.8195993,0.75,5.895838862,-0.251227781,14 - 16,Priced Within Range,5,17,23,1,15.0,-6.25,0,2015-10-30,365,success,-11.047837858698,8.43948760557312
123,BOX,Box Inc,13.4,-4.7,-1.6,201.25,14.375,14.0,65.92857361,201.25,1/23/15,10316T104,1.5,93.9382,133693000.0,1/1/15,1/1/15,53806,100.6141113,0.75,5.715426963,-0.470589237,13-Nov,Priced Above Range,1,5,82,1,9.73,-30.5,0,2016-01-25,367,success,-21.5893708053936,66.4777258547795
124,BRKR,Bruker Corp,21.6,11.4,8.5,104.0,53.0,13.0,77.40384674,689.0,8/4/00,116794108,1.8,74.8864,110145000.0,8/1/00,7/1/00,46624,100.3264793,6.0,4.15367782,0.0,12-Oct,Priced Above Range,0,22,78,1,14.42,10.91,1,2001-08-06,367,success,27.4644520285042,76.6899351233513
125,BRX,Brixmor Property Group Inc,9.3,23.4,3.9,948.75,229.68,20.0,2.0,4593.6,10/30/13,11120U105,1.8,102.493,307391000.0,10/1/13,10/1/13,52544,100.65078,0.75,7.416395048,-0.257528326,19 - 21,Priced Within Range,3,3,120,1,14.24,-28.79,0,2014-10-30,365,success,-41.3652126727929,2.48759232703633
126,BRY,Berry Corp,50.6,-1.9,12.6,182.609,81.3368,14.0,3.571428537,1138.72,7/26/18,08579X101,1.5,113.386,87043800.0,7/1/18,7/1/18,56831,100.5899154,2.5,3.862981324,0.006746326,15 - 17,Priced Below Range,2,28,43,1,6.33,-54.77,0,2019-07-26,365,success,-60.628449322505,3.87465814111387
127,BSBK,Bogota Financial Corp,21.2,31.6,0.7,56.577,13.1753,10.0,15.89999962,131.753,1/16/20,97235105,0.3,14.0584,1976530.0,1/1/20,1/1/20,57279,99.24447302,2.25,3.672894836,0.387976994,10-Oct,Priced Within Range,3,9,121,1,8.91,-10.9,0,2021-01-15,365,success,-25.7645843515274,15.0633443030865
128,BSM,Black Stone Minerals LP,4.8,50.6,33.9,427.5,95.1333,19.0,-4.0,1807.53,5/1/15,09225M101,1.2,17.2523,36127400.0,5/1/15,4/1/15,54021,100.231857,0.75,5.674303505,0.509723203,19 - 21,Priced Within Range,2,28,123,0,6.95,-63.41,0,2016-05-02,367,success,-61.8694159532525,-5.09230015155861
129,BSVN,Bank7 Corp,6.4,41.7,1.9,64.6,10.1125,19.0,0.473684222,192.137,9/20/18,06652N107,3.3,31.7043,2890080.0,9/1/18,7/1/18,56831,100.4151294,2.75,3.746935562,0.116202518,18 - 21,Priced Within Range,3,9,121,1,15.29,-19.52,0,2019-09-20,365,success,-22.114559037789,-0.310374973797338
130,BSY,Bentley Systems Inc,20.4,9.6,6.8,271.942,249.633,22.0,52.22727203,5491.93,9/23/20,08265T208,0.9,38.6559,106996000.0,9/1/20,7/1/20,56484,98.66695103,0.25,8.083785823,0.139274694,19 - 21,Priced Above Range,1,5,71,1,64.07,191.24,1,2021-09-23,365,success,156.723544668301,54.5994175249508
131,BURL,Burlington Stores Inc,61.7,4.3,2.3,260.666,73.6325,17.0,47.11764526,1251.75,10/2/13,122017106,12.5,119.0,78000500.0,10/1/13,10/1/13,52544,100.65078,0.75,7.416395048,-0.257528326,14 - 16,Priced Above Range,5,17,23,1,39.54,132.59,1,2014-10-02,365,success,116.153080707383,47.1843122216519
132,BV,BrightView Holdings Inc,8.8,1.8,0.7,538.89,102.376,22.0,-2.727272749,2252.27,6/28/18,10948C107,1.4,98.3004,91419400.0,6/1/18,4/1/18,56512,100.6340823,2.5,4.03458096,0.15938757,22 - 25,Priced Within Range,0,7,124,0,18.71,-14.95,0,2019-06-28,365,success,-22.6298987769754,-3.34514174300682
133,BWB,Bridgewater Bancshares Inc,11.2,39.7,1.3,90.5338,30.0594,11.75,7.40425539,353.198,3/14/18,108621103,1.9,60.5178,16697500.0,3/1/18,1/1/18,56195,100.6306862,2.25,4.075548902,0.22611259,10.50 - 12.50,Priced Within Range,3,9,44,1,11.01,-6.3,0,2019-03-14,365,success,-8.53460226831693,7.97670761641414
134,BWP,Boardwalk Pipeline Partners LP,3.2,23.5,3.1,292.5,68.2561,19.5,-2.820512772,1330.99,11/9/05,96627104,2.5,0.329892,825709.0,11/1/05,10/1/05,50629,100.7991232,5.0,5.136890026,-0.803212851,18.50 - 20.50,Priced Within Range,2,2,2,0,16.24,-16.7,0,2006-11-09,365,success,-29.987178045392,-2.98956537028801
135,BX,Blackstone Inc,270.0,25.9,6.5,4753.33,234.668,31.0,13.0967741,7274.71,6/22/07,09260D107,5.5,67.8305,476022000.0,6/1/07,4/1/07,51705,101.934506,6.25,4.614935452,0.193797518,29 - 31,Priced Within Range,3,41,87,1,7.26,-76.6,0,2008-06-23,367,success,-65.969469656587,14.3863557396674
136,BXC,BlueLinx Holdings Inc,38.0,6.9,24.6,137.498,29.5,13.5,0.0,398.25,12/14/04,09624H208,15.0,99.6105,9000270.0,12/1/04,10/1/04,49623,100.4972747,3.25,5.46561248,-0.366492147,15 - 17,Priced Below Range,5,17,93,0,88.12,552.75,1,2005-12-14,365,success,548.097272701278,-0.392093868944943
137,BY,Byline Bancorp Inc,7.2,29.8,1.1,124.545,29.2469,19.0,5.526315689,555.691,6/30/17,124411109,1.9,50.7274,19011500.0,6/1/17,4/1/17,55057,99.9382068,1.75,4.359433085,0.090711101,19 - 21,Priced Within Range,3,9,44,1,20.77,9.29,1,2018-07-02,367,success,-2.79628162943652,5.37299250533557
138,BYND,Beyond Meat Inc,14.2,-39.1,-24.7,276.72,59.7518,25.0,163.0,1493.8,5/2/19,8.86E+112,-4.7,53.9962,34418400.0,5/1/19,4/1/19,57418,99.50838434,3.0,3.645931768,0.212875859,23 - 25,Priced Within Range,0,10,11,1,91.53,266.12,1,2020-05-01,365,success,265.366278008403,163.212398547146
139,CALD,Callidus Software Inc,22.4,-8.0,-4.8,80.5,22.4883,14.0,24.0714283,314.84,11/20/03,13123E500,0.6,0.365694,243042.0,11/1/03,10/1/03,48450,100.3145817,2.0,5.962766689,-0.27027027,14-Dec,Priced Within Range,1,5,5,1,4.42,-68.43,0,2004-11-19,365,success,-82.932009531226,24.9146343835628
140,CALX,Calix Inc,25.5,35.0,6.2,94.61,36.2975,13.0,16.15384674,471.87,3/24/10,13100M509,0.9,89.2726,58421200.0,3/1/10,1/1/10,50036,99.66080144,0.75,10.04712856,0.410628354,13-Nov,Priced Within Range,4,23,77,1,19.0,46.15,1,2011-03-24,365,success,34.9606706021216,16.7031771400523
141,CAPL,CrossAmerica Partners LP,85.2,0.6,3.4,138.0,8.425,20.0,1.149999976,168.5,10/25/12,22758A105,2.5,24.9219,9452620.0,10/1/12,10/1/12,51634,99.71850812,0.75,8.014015423,-0.038892514,19 - 21,Priced Within Range,2,29,46,1,8.6,-57.0,0,2013-10-25,365,success,-81.5440494927546,0.850445690285712
142,CARG,Cargurus Inc,72.5,-0.0161871,-5.0,172.96,78.5553,16.0,72.375,1256.88,10/12/17,141788109,0.8,114.816,118187000.0,10/1/17,10/1/17,55877,100.2302312,1.75,4.165125132,-0.06320421,13 - 15,Priced Above Range,4,8,9,1,42.86,167.88,1,2018-10-12,365,success,158.677473617162,72.5436752718675
143,CAVM,Cavium LLC,63.1,-7.0,-3.8,104.794,39.5705,13.5,21.85185242,534.2,5/2/07,14964U108,2.1,0.499194,349550.0,5/1/07,4/1/07,51705,101.897221,6.25,4.507395483,0.611071867,13-Dec,Priced Above Range,1,4,4,1,20.98,55.41,1,2008-05-01,365,success,62.4277616391374,21.2046079415737
144,CBNK,Capital Bancorp Inc,9.8,23.8,2.0,32.0375,13.4957,12.5,2.400000095,168.696,9/26/18,139737100,9.5,33.817,4753880.0,9/1/18,7/1/18,56831,100.4151294,2.75,3.746935562,0.116202518,12.50 - 14.50,Priced Within Range,3,9,10,1,13.29,6.28,1,2019-09-26,365,success,3.56489465523111,2.7289279101001
145,CBOE,Cboe Global Markets Inc,17.6,35.8,3.2,390.195,104.321,29.0,12.03448296,3025.31,6/15/10,12503M108,5.5,94.7116,100472000.0,6/1/10,4/1/10,50424,99.64372422,0.75,9.519523123,-0.097626708,27 - 29,Priced Within Range,3,26,128,1,19.33,-33.33,0,2011-06-15,365,success,-47.2957292928944,9.68506390192256
146,CBRE,CBRE Group Inc,16.4,6.6,10.1,460.357,68.614,19.0,-3.421052694,1303.67,6/10/04,12504L109,7.0,104.373,329764000.0,6/1/04,4/1/04,48905,100.8993806,2.25,5.646463306,0.317292438,20 - 22,Priced Below Range,3,34,130,0,12.98,-31.67,0,2005-06-10,365,success,-36.7911272171836,-3.87538654883518
147,CCB,Coastal Financial Corp/WA,56.1,25.1,1.2,47.5238,11.8308,14.5,13.10344791,171.547,7/18/18,19046P209,2.4,69.0688,8952720.0,7/1/18,7/1/18,56831,100.5899154,2.5,3.862981324,0.006746326,13 - 15,Priced Within Range,3,9,70,1,15.0,3.45,1,2019-07-18,365,success,-2.5451200085846,12.8873966600086
148,CCCC,C4 Therapeutics Inc,37.9,-183.2,-22.0,209.76,42.9852,19.0,34.15789413,816.719,10/2/20,12529R107,-1.8,89.5325,43832500.0,10/1/20,10/1/20,57005,98.98453016,0.25,7.145794405,0.041493776,16 - 18,Priced Above Range,0,21,29,1,44.99,136.79,1,2021-10-04,367,success,108.146038389978,35.1156593491994
149,CCO,Clear Channel Outdoor Holdings,20.8,-19.3,-2.5,630.0,35.0,18.0,5.555555344,630.0,11/14/05,18453H106,-0.2,107.981,514050000.0,11/1/05,10/1/05,50629,100.7991232,5.0,5.136890026,-0.803212851,20 - 22,Priced Below Range,4,19,117,1,6.64,-63.09,0,2006-11-14,365,success,-75.016145507018,5.63330260836331
150,CCRN,Cross Country Healthcare Inc,100.4,7.8,32.4,152.734,31.02,17.0,19.8235302,527.34,10/25/01,227483104,-2.3,107.187,39976000.0,10/1/01,10/1/01,46400,98.29104909,2.02,5.413870464,-0.336511497,15 - 17,Priced Within Range,0,7,73,1,14.65,-13.82,0,2002-10-25,365,success,4.7193883867131,18.4514314465602
151,CCS,Century Communities Inc,33.3,11.8,17.2,103.04,21.4526,23.0,-7.608695507,493.41,6/18/14,156504300,-5.9,91.1056,28946400.0,6/1/14,4/1/14,52840,100.8107011,0.75,6.174444118,0.186212694,23 - 26,Priced Within Range,5,51,131,0,20.41,-11.26,0,2015-06-18,365,success,-18.3786246371309,-8.3805836257436
152,CDLX,Cardlytics Inc,42.9,-48.1,-8.6,75.6782,19.5196,13.0,2.846153736,253.755,2/9/18,14161W105,-1.2,106.789,35417400.0,2/1/18,1/1/18,56195,100.5687191,2.0,4.155353875,0.453468997,13 - 15,Priced Within Range,1,5,81,1,16.63,27.92,1,2019-02-11,367,success,24.5480532019719,1.35254470849128
153,CDNA,CareDx Inc,54.2,-10.3,-12.6,42.2,10.7243,10.0,-9.5,107.24,7/17/14,14167L103,-0.3,121.25,64913800.0,7/1/14,7/1/14,53340,100.8354317,0.75,6.275748001,-0.039019396,15 - 17,Priced Below Range,0,22,42,0,7.12,-28.8,0,2015-07-17,365,success,-36.4236342706873,-8.31659736274583
154,CDVIQ,Cal Dive International Inc,11.2,-7.0,-14.0,288.249,84.6797,13.0,-5.0,1100.84,12/14/06,12802T101,-0.3,0.507215,500000.0,12/1/06,10/1/06,51455,101.3989179,6.25,4.52174096,0.148883375,13 - 13,Priced Within Range,2,29,46,0,12.9,-0.77,0,2007-12-14,365,success,-5.1839239448465,-5.868945828213
155,CDW,CDW Corp/DE,12.7,4.7,9.2,454.538,171.958,17.0,8.058823586,2923.29,6/27/13,12514G108,5.6,101.514,137441000.0,6/1/13,4/1/13,51982,100.5692261,0.75,7.657716977,0.239970809,17 - 18,Priced Within Range,4,8,132,1,27.98,64.61,1,2014-06-27,365,success,43.1414847185983,7.43884049292702
156,CDXS,Codexis Inc,51.6,-20.3,-8.4,78.0,33.9771,13.0,2.0,441.7,4/22/10,192005106,-0.2,99.3459,65257300.0,4/1/10,4/1/10,50424,99.72769411,0.75,10.14140777,0.173688491,13 - 15,Priced Within Range,6,14,133,1,10.56,-18.77,0,2011-04-25,368,success,-26.7514976369184,1.77361202600721
157,CE,Celanese Corp,50.9,22.1,10.0,800.0,158.675,16.0,0.0,2538.8,1/21/05,150870103,15.8,111.348,120732000.0,1/1/05,1/1/05,50068,100.465498,3.25,5.311398023,0.21019443,19 - 21,Priced Below Range,6,14,133,0,14.92,-6.73,0,2006-01-23,367,success,-16.7627985564866,0.641481592116477
158,CERT,Certara Inc,17.4,-4.6,-0.2,768.506,152.98,23.0,65.56521606,3518.53,12/11/20,15687V109,0.4,91.3153,145806000.0,12/1/20,10/1/20,57005,99.71018332,0.25,6.897872332,0.094147847,19 - 22,Priced Above Range,0,21,29,1,28.34,23.22,1,2021-12-13,367,success,-4.18551950036723,65.6917157976306
159,CF,CF Industries Holdings Inc,58.5,14.0,25.4,759.0,55.0,16.0,1.25,880.0,8/11/05,125269100,13.3,101.717,199558000.0,8/1/05,7/1/05,50470,100.3998318,4.5,4.955369401,0.511770727,15 - 17,Priced Within Range,6,14,17,1,2.03,-87.32,0,2006-08-11,365,success,-89.5933610698505,0.543805051972517
160,CFG,Citizens Financial Group Inc,-8.9,34.8,0.9,3461.5,559.998,21.5,7.348837376,12040.0,9/24/14,174610105,5.3,92.4238,455179000.0,9/1/14,7/1/14,53340,100.8454243,0.75,6.060002734,0.075256882,23 - 25,Priced Below Range,3,9,10,1,16.13,-24.96,0,2015-09-24,365,success,-22.1796338068548,6.5655882425478
161,CG,Carlyle Group Inc/The,201.5,33.8,8.3,671.0,30.5,22.0,0.227272734,671.0,5/3/12,14316J108,5.0,60.7495,220888000.0,5/1/12,4/1/12,51702,99.83138197,0.75,8.313429668,-0.117347937,23 - 25,Priced Below Range,3,41,87,1,16.37,-25.58,0,2013-05-03,365,success,-41.5942936861041,0.993159916443714
162,CGBD,Carlyle Secured Lending Inc,-5.9,93.6,5.8,174.903,61.4205,18.5,-2.108108044,1136.28,6/14/17,872280102,1.3,22.7248,11672300.0,6/1/17,4/1/17,55057,99.9382068,1.75,4.359433085,0.090711101,18.50 - 19.50,Priced Within Range,3,24,37,0,6.91,-62.63,0,2018-06-14,365,success,-76.9426184273414,-2.00852495540991
163,CHCI,Comstock Holding Cos Inc,38.2,43.7,11.5,72.864,7.93317,16.0,4.6875,126.93,12/14/04,205684202,0.9,7.82868,724113.0,12/1/04,10/1/04,49623,100.4972747,3.25,5.46561248,-0.366492147,14 - 16,Priced Within Range,5,51,131,1,104.86,555.38,1,2005-12-14,365,success,550.727272701278,4.29540613105506
164,CHCT,Community Healthcare Trust Inc,19.6,24.8,2.9,136.562,7.5112,19.0,3.947368383,142.713,5/21/15,20369C106,2.4,98.9326,25029100.0,5/1/15,4/1/15,54021,100.231857,0.75,5.674303505,0.509723203,19 - 21,Priced Within Range,3,3,136,1,10.58,-44.31,0,2016-05-20,365,success,-40.4058663638792,3.71358096757141
165,CHEF,Chefs' Warehouse Inc/The,57.0,-0.2,3.0,155.25,22.0167,15.0,16.66666603,330.25,7/28/11,163086101,-0.5,105.881,40520900.0,7/1/11,7/1/11,50769,99.50703914,0.75,9.061306168,0.088604567,14 - 16,Priced Within Range,0,10,95,1,16.58,10.53,1,2012-07-27,365,success,7.66840022904379,16.9900627110605
166,CHGG,Chegg Inc,20.4,-0.1,10.3,187.5,81.7283,12.5,-22.55999947,1021.6,11/13/13,163092109,1.9,106.868,134095000.0,11/1/13,10/1/13,52544,100.6507643,0.75,7.112790148,-0.204242419,9.50 - 11.50,Priced Above Range,0,7,79,0,6.86,-45.12,0,2014-11-13,365,success,-59.5801601571268,-23.3695339176478
167,CHRS,Coherus Biosciences Inc,-31.3,-87.9,-43.1,91.85,32.5594,13.5,-6.592592716,432.702,11/6/14,19249H103,-0.5,108.666,84518300.0,11/1/14,10/1/14,53464,100.7732648,0.75,5.911112923,-0.539941794,15-Dec,Priced Within Range,0,13,15,0,29.4,117.78,1,2015-11-06,365,success,114.27961848528,-6.97014403391228
168,CHWY,Chewy Inc,24.4,-0.8,-2.5,1023.0,46.5,22.0,59.04545593,1023.0,6/14/19,16679L109,0.4,115.848,129202000.0,6/1/19,4/1/19,57418,99.43025865,3.0,3.689126149,0.019914718,19 - 21,Priced Above Range,4,8,138,1,46.76,112.55,1,2020-06-15,367,success,108.562437952549,59.2066071511905
169,CIM,Chimera Investment Corp,56.1,58.9,-3.9,511.25,37.7049,15.0,-0.666666687,565.57,11/16/07,16934Q208,2.2,51.0556,118324000.0,11/1/07,10/1/07,52066,101.5178052,5.0,4.772251125,0.593961787,15 - 15,Priced Within Range,3,3,6,0,4.2,-72.0,0,2008-11-17,367,success,-34.4710355681687,-1.18969779160481
170,CLBK,Columbia Financial Inc,-5.5,33.8,0.9,498.32,115.889,10.0,54.20000076,1158.89,4/20/18,197641103,0.9,78.1095,85588900.0,4/1/18,4/1/18,56512,100.6581149,2.25,4.024101718,0.397509156,10-Oct,Priced Within Range,3,26,39,1,15.15,51.5,1,2019-04-22,367,success,42.7030775385295,55.0536539812992
171,CLDT,Chatham Lodging Trust,40.7,-9.0,0.0463197,172.5,8.07655,20.0,2.5,161.53,4/16/10,16208T102,0.6,88.5125,43200700.0,4/1/10,4/1/10,50424,99.72769411,0.75,10.14140777,0.173688491,20 - 20,Priced Within Range,3,3,63,1,8.79,-56.06,0,2011-04-18,367,success,-66.2963021220995,4.1126534692146
172,CLMT,Calumet Specialty Products Par,38.7,-8.2,-6.9,140.93,13.066,21.5,1.162790656,280.92,1/26/06,131476103,-0.5,20.8741,16530100.0,1/1/06,1/1/06,51200,101.0885803,5.5,4.753347115,0.762195122,20.50 - 22.50,Priced Within Range,2,28,68,1,18.37,-14.55,0,2007-01-26,365,success,-26.331012629915,0.439295257218285
173,CLNE,Clean Energy Fuels Corp,-12.3,-36.4,-5.2,138.0,45.6934,12.0,0.333333343,548.32,5/25/07,184499101,0.1,47.9642,106686000.0,5/1/07,4/1/07,51705,101.897221,6.25,4.507395483,0.611071867,13 - 17,Priced Below Range,5,17,139,1,13.98,16.5,1,2008-05-27,368,success,24.5080229065602,-0.211934678139056
174,CLPR,Clipper Realty Inc,-0.1,-6.1,-0.5,86.2663,17.8128,13.5,0.0,240.473,2/10/17,18885T306,0.6,43.314,6957620.0,2/1/17,1/1/17,54866,99.82153744,1.25,4.66429894,0.314611739,13.50 - 15.50,Priced Within Range,3,3,50,0,5.21,-61.41,0,2018-02-12,367,success,-72.8473252791944,-0.356605033332547
175,CMBM,Cambium Networks Corp,20.6,11.1,4.9,69.6,25.6056,12.0,-19.16666603,307.267,6/26/19,N.A.,1.1,93.1325,25178700.0,6/1/19,4/1/19,57418,99.43025865,3.0,3.689126149,0.019914718,13 - 15,Priced Below Range,4,23,34,0,6.8,-43.33,0,2020-06-25,365,success,-50.7948740754342,-19.0432726378341
176,CME,CME Group Inc,-3.9,56.2,1.4,191.231,31.8177,35.0,22.5714283,1113.62,12/6/02,12572Q105,6.7,110.573,397757000.0,12/1/02,10/1/02,46883,98.08210253,0.75,6.031730606,-0.220628792,31 - 34,Priced Above Range,3,26,128,1,6.97,-80.09,0,2003-12-08,367,success,-97.3542857466358,21.9448778861851
177,CMG,Chipotle Mexican Grill Inc,26.1,8.6,12.0,199.333,7.87879,22.0,100.0,173.33,1/26/06,169656105,45.5,100.784,27938400.0,1/1/06,1/1/06,51200,101.0885803,5.5,4.753347115,0.762195122,18 - 20,Priced Above Range,5,17,33,1,1.15,-94.79,0,2007-01-26,365,success,-100.0,99.2765046012183
178,CNC,Centene Corp,13.3,1.0,2.5,56.35,0.0,14.0,22.8571434,0.0,12/13/01,15135B101,7.2,102.177,578585000.0,12/1/01,10/1/01,46400,98.68610603,1.33,5.760192645,-0.394588501,13 - 15,Priced Within Range,0,0,142,1,2.71,-80.63,0,2002-12-13,365,success,-61.4747549498617,24.4128912290786
179,CNK,Cinemark Holdings Inc,120.0,-27.9,-3.3,537.075,106.45,19.0,-0.473684222,2022.55,4/24/07,17243V102,1.4,109.342,131822000.0,4/1/07,4/1/07,51705,101.8191092,6.25,4.572674984,0.649616269,17 - 19,Priced Within Range,5,16,27,0,8.54,-55.07,0,2008-04-23,365,success,-48.839294460213,-0.438569801937057
180,CNS,Cohen & Steers Inc,36.1,36.0,41.6,112.125,34.2,13.0,0.0,444.6,8/13/04,19247A100,5.0,50.2045,24452800.0,8/1/04,7/1/04,49243,100.6961111,2.5,5.45422641,0.05279831,13 - 15,Priced Within Range,3,26,39,0,7.79,-40.06,0,2005-08-15,367,success,-55.4929403115946,-0.147669744978396
181,CODI,Compass Diversified Holdings,35.4,6.2,5.4,202.5,20.0,15.0,0.200000003,300.0,5/11/06,20451Q104,2.0,65.5107,47300500.0,5/1/06,4/1/06,51210,101.1215791,6.0,4.71660949,0.496277916,14 - 16,Priced Within Range,3,24,37,1,3.73,-75.13,0,2007-05-11,365,success,-89.3383681043493,1.47980741178814
182,COLD,Americold Realty Trust Inc,36.5,-1.1,-0.3,833.52,142.388,16.0,11.0625,2208.61,1/19/18,03064D108,1.0,113.612,306071000.0,1/1/18,1/1/18,56195,100.4818485,2.0,4.134060502,0.544774545,14 - 16,Priced Within Range,3,3,13,1,22.88,42.99,1,2019-01-22,368,success,49.1936111788859,10.6239764719167
183,COMM,CommScope Holding Co Inc,1.7,-5.3,-2.0,625.248,185.654,15.0,-0.06666667,2784.81,10/25/13,20337X109,0.6,101.838,212179000.0,10/1/13,10/1/13,52544,100.65078,0.75,7.416395048,-0.257528326,18 - 21,Priced Below Range,4,23,34,0,22.4,49.33,1,2014-10-27,367,success,38.4734719407255,-0.506151064876999
184,COR,CoreSite Realty Corp,5.9,13.0,4.0,310.96,19.644,16.0,0.0625,314.3,9/23/10,21870Q105,6.7,30.8188,13620500.0,9/1/10,7/1/10,50706,99.64484999,0.75,9.69169447,0.058173623,15 - 17,Priced Within Range,3,3,50,1,26.45,65.3,1,2011-09-23,365,success,58.4314053659503,0.895634037309224
185,CORI,Corium Inc/DE,-3.5,-149.9,-54.5,52.0,17.6174,8.0,0.0,140.94,4/3/14,21887L107,-1.2,0.248128,90611.0,4/1/14,4/1/14,52840,100.7244786,0.75,6.336592395,0.329675445,12-Oct,Priced Below Range,0,13,15,0,7.13,-10.87,0,2015-04-06,368,success,-19.9192711759582,0.112644982440391
186,CORT,Corcept Therapeutics Inc,3.4,30.7,21.1,54.0,22.6421,12.0,1.916666627,271.71,4/14/04,218352102,1.4,85.9784,92555600.0,4/1/04,4/1/04,48905,101.0072146,2.0,5.662633096,0.320170758,12-Dec,Priced Within Range,0,13,15,1,3.56,-70.33,0,2005-04-14,365,success,-75.6120021517962,2.02910261884882
187,COTV,Cotiviti Holdings Inc,8.5,20.3,7.6,245.78,90.167,19.0,-9.947368622,1704.89,5/26/16,22164K101,1.9,0.262074,246449.0,5/1/16,4/1/16,54334,99.17131936,1.0,4.882282302,0.4045791,17 - 19,Priced Within Range,1,5,22,0,38.43,102.26,1,2017-05-26,365,success,87.2229309476258,-9.92632425108182
188,COTY,Coty Inc,14.5,4.8,1.2,1140.0,72.219,17.5,-0.800000012,1263.83,6/13/13,222070203,0.8,39.0718,332155000.0,6/1/13,4/1/13,51982,100.5692261,0.75,7.657716977,0.239970809,16.50 - 18.50,Priced Within Range,0,53,145,0,14.57,-16.76,0,2014-06-13,365,success,-35.5535437690381,-2.27842909841842
189,CPIX,Cumberland Pharmaceuticals Inc,-3.8,-9.7,-7.8,85.0,18.1289,17.0,-1.0,308.19,8/11/09,230770109,0.4,18.1017,2618260.0,8/1/09,7/1/09,49473,97.28828582,0.5,9.719974615,0.224285004,19 - 21,Priced Below Range,0,13,15,0,6.2,-63.53,0,2010-08-11,365,success,-76.9498286995966,0.266011389518684
190,CPLA,Capella Education Co,2.5,5.3,9.4,92.0,15.3658,20.0,25.54999924,307.32,11/9/06,139594105,5.4,0.480837,56402.4,11/1/06,10/1/06,51455,101.2916395,6.25,4.568466443,-0.148662042,17.50 - 19.50,Priced Above Range,0,7,79,1,64.32,221.62,1,2007-11-09,365,success,214.623122105836,26.0832971035407
191,CPRX,Catalyst Pharmaceuticals Inc,18.2,28.0,22.8,20.1,12.5167,6.0,1.666666627,75.1,11/8/06,14888U101,0.5,104.487,108741000.0,11/1/06,10/1/06,51455,101.2916395,6.25,4.568466443,-0.148662042,6-Jun,Priced Within Range,0,13,15,1,3.0,-50.0,0,2007-11-08,365,success,-56.4876039807035,1.4583992156718
192,CQP,Cheniere Energy Partners LP,52.9,17.2,2.4,326.025,26.4164,21.0,3.380952358,554.74,3/20/07,16411Q101,4.7,46.6785,225939000.0,3/1/07,1/1/07,51492,101.7155915,6.25,4.449643744,0.910569585,19 - 21,Priced Within Range,2,2,2,1,3.56,-83.06,0,2008-03-19,365,success,-73.5386900493591,2.74760702140053
193,CRI,Carter's Inc,15.2,9.7,9.0,136.562,27.2822,19.0,29.7368412,518.36,10/24/03,146229109,6.2,124.602,47550200.0,10/1/03,10/1/03,48450,99.97283644,2.0,6.061424767,-0.107991361,17 - 19,Priced Within Range,5,25,38,1,11.11,-41.54,0,2004-10-25,367,success,-48.0352186091714,30.206963752016
194,CRL,Charles River Laboratories Int,21.0,11.0,6.0,224.0,32.3204,16.0,37.5,517.126,6/23/00,159864107,15.1,105.504,53679100.0,6/1/00,4/1/00,46704,100.6856604,6.0,4.016709703,0.524781341,15 - 17,Priced Within Range,0,0,0,1,31.0,93.75,1,2001-06-25,367,success,107.932641717993,38.2368283272124
195,CRM,Salesforce Inc,24.6,5.4,0.5,126.5,101.257,11.0,56.36363602,1113.83,6/23/04,79466L302,6.2,88.837,888370000.0,6/1/04,4/1/04,48905,100.8993806,2.25,5.646463306,0.317292438,10-Sep,Priced Above Range,1,5,81,1,4.92,-55.27,0,2005-06-23,365,success,-61.5668649620518,55.5129713828076
196,CRNX,Crinetics Pharmaceuticals Inc,1418.3,-9985.2,-42.4,117.3,23.908,17.0,44.17647171,406.436,7/18/18,22663K107,-2.3,104.865,56428200.0,7/1/18,7/1/18,56831,100.5899154,2.5,3.862981324,0.006746326,15 - 17,Priced Within Range,0,21,29,1,24.0,41.18,1,2019-07-18,365,success,35.1848799914154,43.9604204600086
197,CROX,Crocs Inc,66.9,31.3,17.7,239.085,38.2722,21.0,35.95238113,803.72,2/8/06,227046109,9.0,90.6722,55985500.0,2/1/06,1/1/06,51200,101.1704712,5.5,4.870275357,0.201714574,19 - 20,Priced Above Range,5,25,147,1,28.25,34.5,1,2007-02-08,365,success,19.9327821669602,35.0860942311989
198,CRSR,Corsair Gaming Inc,11.8,5.3,-3.6,257.302,91.8494,17.0,-16.1764698,1561.44,9/23/20,22041X102,0.2,76.8863,77297000.0,9/1/20,7/1/20,56484,98.66695103,0.25,8.083785823,0.139274694,16 - 18,Priced Within Range,1,1,41,0,27.87,63.94,1,2021-09-23,365,success,29.4235446683009,-13.8043243050492
199,CRWD,Crowdstrike Holdings Inc,66.0,-16.1,-4.7,703.8,20.7,34.0,70.58823395,703.8,6/12/19,22788C105,2.5,76.1075,163504000.0,6/1/19,4/1/19,57418,99.43025865,3.0,3.689126149,0.019914718,28 - 30,Priced Above Range,1,1,127,1,95.04,179.53,1,2020-06-11,365,success,168.163402064094,70.7919918703488
200,CSBK,Clifton Bancorp Inc,13.9,15.4,0.3,137.387,0.0,10.0,22.5,0.0,3/4/04,186873105,0.5,0.3217,71095.0,3/1/04,1/1/04,48633,101.0054486,2.0,5.860438928,0.644468314,10-Oct,Priced Within Range,3,20,28,1,9.26,-7.39,0,2005-03-04,365,success,-12.1706213027467,22.1663887211235
201,CSTL,Castle Biosciences Inc,50.1,-33.2,-11.8,73.6,16.649,16.0,33.75,266.384,7/25/19,14843C105,-0.7,94.9174,25012200.0,7/1/19,7/1/19,57845,99.35534623,3.0,3.786645109,0.167094162,14 - 16,Priced Within Range,0,22,61,1,39.04,144.0,1,2020-07-24,365,success,134.93275542678,34.2762401372888
202,CTACU,Grid Dynamics Holdings Inc,89.8,-3.6,-7.5,220.0,22.6,10.0,0.400000006,226.0,10/5/18,16166A202,0.3,26.1229,7350990.0,10/1/18,10/1/18,56851,100.2681725,2.75,3.822420119,0.176676346,10-Oct,Priced Within Range,1,1,31,1,10.65,6.5,1,2019-10-07,367,success,4.197510702069,0.952797880576749
203,CTMX,CytomX Therapeutics Inc,-30.6,-120.1,-32.6,92.004,35.925,12.0,7.5,431.1,10/8/15,23284F105,-1.8,79.0405,52233400.0,10/1/15,10/1/15,54045,99.52145458,0.75,5.19705592,-0.044968375,14 - 16,Priced Below Range,0,21,29,1,15.23,26.92,1,2016-10-07,365,success,19.6537964530055,6.61815643677011
204,CTRN,Citi Trends Inc,26.5,6.2,9.3,61.985,11.995,14.0,12.14285755,167.93,5/18/05,17306X102,8.3,117.754,9867070.0,5/1/05,4/1/05,50204,100.2702497,4.0,5.200249935,-0.102774923,14-Dec,Priced Within Range,5,17,113,1,45.38,224.14,1,2006-05-18,365,success,215.155225572811,11.1409824853313
205,CUBE,CubeSmart,21.1,27.1,4.5,460.0,37.3452,16.0,4.5625,597.52,10/22/04,229663109,2.2,105.154,236150000.0,10/1/04,10/1/04,49623,100.5370284,2.75,5.523151518,0.526592944,17 - 19,Priced Below Range,3,3,150,1,9.3,-41.86,0,2005-10-24,367,success,-50.9880797372377,5.53404064629179
206,CUDA,Barracuda Networks Inc,10.1,2.9,3.1,85.698,50.6433,18.0,19.72222137,911.58,11/6/13,68323104,1.2,0.21749,116732.0,11/1/13,10/1/13,52544,100.6507643,0.75,7.112790148,-0.204242419,18 - 21,Priced Within Range,4,8,151,1,4.3,-76.11,0,2014-11-06,365,success,-89.7565039262944,19.2956673660351
207,CUE,Cue Biopharma Inc,373.6,-295.5,-56.0,66.1553,19.3073,7.5,55.06666565,144.805,1/2/18,22978P106,-1.2,49.322,17452900.0,1/1/18,1/1/18,56195,100.4818485,2.0,4.134060502,0.544774545,7.50 - 7.50,Priced Within Range,0,21,29,1,5.16,-31.2,0,2019-01-02,365,success,-24.1906055373169,54.2363294711429
208,CVGI,Commercial Vehicle Group Inc,35.3,2.4,2.4,133.699,16.9888,13.0,0.769230783,220.85,8/5/04,202608105,-0.9,58.3372,19469500.0,8/1/04,7/1/04,49243,100.6961111,2.5,5.45422641,0.05279831,15 - 17,Priced Below Range,5,38,154,1,22.26,71.23,1,2005-08-05,365,success,56.1083148505945,2.40126831323293
209,CVI,CVR Energy Inc,84.2,0.3,8.3,437.0,86.1413,19.0,6.578947544,1636.68,10/23/07,12662P108,3.9,96.8548,97368700.0,10/1/07,10/1/07,52066,101.6347884,5.0,4.768472729,0.213919133,18 - 20,Priced Within Range,2,28,68,1,1.14,-93.99,0,2008-10-22,365,success,-58.8364418986562,5.69866165795075
210,CVLT,CommVault Systems Inc,6.3,4.3,3.3,185.278,41.651,14.5,17.24137878,603.94,9/21/06,204166102,3.9,100.353,44689100.0,9/1/06,7/1/06,51155,101.105954,6.25,4.602876755,-0.490436488,12.50 - 14.50,Priced Within Range,1,5,72,1,18.67,28.76,1,2007-09-21,365,success,13.5312141162453,17.7809299887899
211,CVNA,Carvana Co,129.3,-1.0,-11.6,225.0,15.0,15.0,-26.0,225.0,4/28/17,146869102,-31.3,117.797,124803000.0,4/1/17,4/1/17,55057,99.87725138,1.5,4.433586626,0.296553337,14 - 16,Priced Within Range,5,17,51,0,26.21,74.73,1,2018-04-30,367,success,62.8710957213798,-25.8086852664033
212,CVRR,CVR Refining LP,27.8,1.5,16.3,690.0,151.2,25.0,0.200000003,3780.0,1/17/13,12663P107,1.2,0.0237256,35019.0,1/1/13,1/1/13,51998,100.0401909,0.75,8.002806341,0.295730419,24 - 26,Priced Within Range,2,28,68,1,13.94,-44.26,0,2014-01-17,365,success,-69.0712738286934,-0.364292179814796
213,CWH,Camping World Holdings Inc,26.9,4.0,4.7,261.188,18.936,22.0,2.272727251,405.403,10/7/16,13462K109,3.4,79.4998,33495000.0,10/1/16,10/1/16,54714,99.43029734,1.0,4.98714224,0.124674851,21 - 23,Priced Within Range,5,12,156,1,27.02,22.82,1,2017-10-09,367,success,4.32519190573231,2.59807561917107
214,CWK,Cushman & Wakefield PLC,19.7,2.6,4.1,879.75,215.172,17.0,4.764705658,3657.92,8/2/18,N.A.,2.4,99.236,224032000.0,8/1/18,7/1/18,56831,100.5227439,2.5,3.835982303,0.055554233,16 - 18,Priced Within Range,3,34,130,1,18.62,9.53,1,2019-08-02,365,success,5.06129613910753,4.27206115204022
215,CYH,Community Health Systems Inc,4.9,1.8,-1.2,243.75,74.3978,13.0,5.288461685,967.17,6/9/00,203668108,-1.0,84.5583,113911000.0,6/1/00,4/1/00,46704,100.6856604,6.0,4.016709703,0.524781341,13 - 15,Priced Within Range,0,0,56,1,21.31,63.91,1,2001-06-11,367,success,76.2638897047535,5.61138634363794
216,CYS,CYS Investments Inc,104.8,52.0,0.3,115.115,18.2335,11.0,5.0,200.57,6/12/09,12673A108,1.6,0.363562,565120.0,6/1/09,4/1/09,49408,96.31575597,0.5,9.523413945,0.858989226,13-Nov,Priced Within Range,3,3,6,1,4.09,-62.83,0,2010-06-14,367,success,-77.6924449889836,4.86030041808001
217,CYTK,Cytokinetics Inc,26.1,-305.7,-29.6,103.155,26.8453,13.0,23.84615326,348.99,4/29/04,23282W605,-1.8,113.007,106940000.0,4/1/04,4/1/04,48905,101.0072146,2.0,5.662633096,0.320170758,13-Nov,Priced Within Range,0,21,29,1,29.46,126.62,1,2005-04-29,365,success,122.805441163148,24.6052358360562
218,DASH,DoorDash Inc,69.3,-9.5,-11.0,3366.0,286.343,102.0,85.79412079,29207.0,12/9/20,25809K105,2.0,95.2562,342997000.0,12/1/20,10/1/20,57005,99.71018332,0.25,6.897872332,0.094147847,90 - 95,Priced Above Range,4,8,9,1,164.86,61.63,1,2021-12-09,365,success,34.0236944030006,86.5890409601668
219,DBI,Designer Brands Inc,43.0,4.8,8.2,307.266,14.1625,19.0,26.84210587,269.09,6/29/05,250565108,2.3,105.97,59873800.0,6/1/05,4/1/05,50204,100.2962748,4.25,5.089785897,0.051440329,15 - 17,Priced Above Range,5,17,23,1,11.62,-38.85,0,2006-06-29,365,success,-42.1295745957493,26.9852494302834
220,DBX,Dropbox Inc,12.7,15.5,11.5,869.4,58.4804,21.0,35.61904907,1228.09,3/23/18,26210C104,1.8,86.4971,242548000.0,3/1/18,1/1/18,56195,100.6306862,2.25,4.075548902,0.22611259,18 - 20,Priced Above Range,1,5,82,1,21.83,3.95,1,2019-03-25,367,success,-4.25821517850518,37.7157371172766
221,DDOG,Datadog Inc,70.4,-2.0,-0.5,745.2,27.6,27.0,39.07407379,745.2,9/19/19,23804L103,0.9,90.0245,262916000.0,9/1/19,7/1/19,57845,99.2709694,2.5,3.572134909,0.078344858,24 - 26,Priced Above Range,1,5,82,1,85.69,217.37,1,2020-09-18,365,success,204.775174751545,39.0720763043462
222,DEA,Easterly Government Properties,12.1,10.9,0.8,207.0,24.1684,15.0,3.333333254,362.526,2/6/15,27616P103,1.4,97.6762,88703700.0,2/1/15,1/1/15,53806,100.5176164,0.75,5.549639901,0.434304492,14 - 16,Priced Within Range,3,3,157,1,23.67,57.79,1,2016-02-08,367,success,64.6020683821948,3.67515049366975
223,DEI,Douglas Emmett Inc,3.0,7.1,0.9,1593.9,114.283,21.0,12.61904716,2399.94,10/24/06,25960P109,2.5,102.377,179968000.0,10/1/06,10/1/06,51455,101.1917389,6.25,4.45357667,-0.542138985,19 - 21,Priced Within Range,3,3,157,1,13.85,-34.05,0,2007-10-24,365,success,-44.3746715128553,12.5929048385543
224,DG,Dollar General Corp,1.4,7.0,8.6,823.515,340.645,21.0,8.238095284,7153.55,11/13/09,256677105,12.2,98.4881,222161000.0,11/1/09,10/1/09,49886,98.58341245,0.5,10.03839153,0.070775337,21 - 23,Priced Within Range,5,17,113,1,25.12,19.61,1,2010-11-15,367,success,8.63036971906886,7.66416587950854
225,DHX,DHI Group Inc,7.8,-24.8,0.9,220.896,61.961,13.0,3.076923132,805.49,7/18/07,23331S100,0.6,85.564,40883000.0,7/1/07,7/1/07,51882,101.9183313,6.25,4.697204833,-0.025437721,13-Nov,Priced Within Range,4,8,159,1,7.67,-41.0,0,2008-07-17,365,success,-19.5754476821309,3.28345552970531
226,DKL,Delek Logistics Partners LP,24.4,23.5,12.3,193.2,11.9993,21.0,6.428571224,251.99,11/2/12,24664T103,6.3,14.2064,6178680.0,11/1/12,10/1/12,51634,99.80309801,0.75,7.867321051,-0.473808669,19 - 21,Priced Within Range,2,2,2,1,10.7,-49.07,0,2013-11-04,367,success,-73.2773327578555,7.36651666484096
227,DKS,Dick's Sporting Goods Inc,28.2,12.3,14.2,100.576,11.2912,12.0,9.583333015,135.49,10/16/02,253393102,19.4,113.709,63226000.0,10/1/02,10/1/02,46883,98.30208375,1.25,5.783866299,0.165745856,15 - 18,Priced Below Range,5,17,92,1,8.01,-33.28,0,2003-10-16,365,success,-55.3097151466484,11.994625755
228,DLB,Dolby Laboratories Inc,10.2,24.2,6.6,569.25,31.625,18.0,35.0,569.25,2/16/05,25659T107,4.4,101.045,62234300.0,2/1/05,1/1/05,50068,100.4087346,3.5,5.435789926,0.576822234,16 - 18,Priced Within Range,5,44,146,1,15.69,-12.82,0,2006-02-16,365,success,-18.2060952154992,34.9818223811763
229,DLR,Digital Realty Trust Inc,13.4,38.6,3.8,257.056,20.0,12.0,0.0,240.0,10/29/04,253868103,6.0,114.479,329152000.0,10/1/04,10/1/04,49623,100.5370284,2.75,5.523151518,0.526592944,14 - 16,Priced Below Range,3,3,50,0,8.81,-26.56,0,2005-10-31,367,success,-31.9732062159327,-0.2448032839383
230,DLTH,Duluth Holdings Inc,9.3,4.2,4.4,92.004,28.9284,12.0,13.75,347.141,11/20/15,26443V101,2.8,33.0174,9909720.0,11/1/15,10/1/15,54045,99.41157201,0.75,5.199007422,-0.211068038,14 - 16,Priced Below Range,5,17,23,1,32.47,170.58,1,2016-11-21,367,success,165.891525694079,13.3689804136908
231,DNB,Dun & Bradstreet Holdings Inc,24.5,-3.3,-0.3,1981.05,423.001,22.0,15.22727299,9306.03,7/1/20,26484T106,1.1,98.1151,427518000.0,7/1/20,7/1/20,56484,97.81746245,0.25,9.875006693,0.50582435,19 - 21,Priced Above Range,0,7,45,1,20.21,-8.14,0,2021-07-01,365,success,-45.8804523187087,14.7250597194951
232,DNLI,Denali Therapeutics Inc,-85.5,-597.1,-22.6,287.5,90.0628,18.0,19.16666603,1583.63,12/8/17,24823R105,-1.7,75.9608,103165000.0,12/1/17,10/1/17,55877,100.3962325,2.0,4.150219646,-0.058783228,17 - 19,Priced Within Range,0,21,29,1,20.23,12.39,1,2018-12-10,367,success,13.0846981708467,18.6160353801609
233,DOC,Physicians Realty Trust,4.6,18.3,2.5,135.166,12.0036,11.5,0.0,138.04,7/19/13,71943U104,1.1,97.8961,223459000.0,7/1/13,7/1/13,52284,100.6172944,0.75,7.464771304,0.039399753,11.50 - 13.50,Priced Within Range,3,3,136,0,21.18,84.16,1,2014-07-21,367,success,68.4380210068334,-0.16100504969605
234,DOCU,DocuSign Inc,45.0,-3.3,-4.3,723.695,155.364,29.0,37.0,4505.56,4/27/18,256163106,2.5,85.0806,170824000.0,4/1/18,4/1/18,56512,100.6581149,2.25,4.024101718,0.397509156,26 - 28,Priced Above Range,1,5,72,1,57.66,98.83,1,2019-04-29,367,success,88.7184239581789,36.8886374996924
235,DOMO,Domo Inc,22.7,-39.5,-57.4,222.18,23.0701,21.0,30.0,484.472,6/29/18,257554105,0.011836,92.8151,28774700.0,6/1/18,4/1/18,56512,100.6340823,2.5,4.03458096,0.15938757,19 - 22,Priced Within Range,1,5,81,1,27.74,32.1,1,2019-07-01,367,success,23.8822120099476,29.92415968887
236,DPZ,Domino's Pizza Inc,5.8,11.7,26.3,339.107,68.6536,14.0,-3.571428537,961.15,7/12/04,25754A201,17.5,115.484,40880600.0,7/1/04,7/1/04,49243,100.8035013,2.25,5.557144436,-0.158144439,15 - 17,Priced Below Range,5,17,33,0,10.45,-25.38,0,2005-07-12,365,success,-32.8749540807456,-3.70980947519747
237,DRH,DiamondRock Hospitality Co,89.3,-34.3,2.8,312.751,48.2376,10.5,0.952380955,506.495,5/26/05,252784301,-0.0108792,107.446,224966000.0,5/1/05,4/1/05,50204,100.2702497,4.0,5.200249935,-0.102774923,10.50 - 12.50,Priced Within Range,3,3,63,1,7.92,-24.56,0,2006-05-26,365,success,-29.6492562961927,0.312891796417193
238,DRRX,Durect Corp,-53.5,-259.4,-38.3,84.0,45.8057,12.0,20.05208397,549.668,9/28/00,266605104,-0.1,44.7221,101904000.0,9/1/00,7/1/00,46624,100.100302,6.0,3.95818563,0.520833333,12-Oct,Priced Within Range,0,13,15,1,96.8,706.67,1,2001-09-28,365,success,734.576662743103,17.8285622219819
239,DT,Dynatrace Inc,32.1,5.6,1.2,655.218,280.411,16.0,49.0625,4486.58,8/1/19,268150109,0.8,105.881,304783000.0,8/1/19,7/1/19,57845,99.29377063,2.75,3.719931819,-0.005066824,13 - 15,Priced Above Range,1,5,82,1,41.83,161.44,1,2020-07-31,365,success,151.117545879896,49.962379379571
240,DVAX,Dynavax Technologies Corp,844.0,17.4,27.8,51.75,23.6738,7.5,25.33333397,177.55,2/19/04,268158201,2.8,104.143,132871000.0,2/1/04,1/1/04,48633,100.9457332,2.0,5.666379165,0.539956803,14-Dec,Priced Below Range,0,21,29,1,63.0,740.0,1,2005-02-18,365,success,734.502473039208,25.7465831949791
241,DXCM,Dexcom Inc,27.0,6.3,4.7,56.4,25.1868,12.0,-2.166666746,302.24,4/14/05,252131107,1.1,105.7,408277000.0,4/1/05,4/1/05,50204,100.2832173,3.75,5.242813147,0.672529747,14-Dec,Priced Within Range,0,13,162,0,5.16,-56.98,0,2006-04-17,368,success,-67.6955364871896,-1.1664887235317
242,EACIQ,Erickson Inc,-14.1,-29.1,-10.8,38.4,9.603,8.0,0.0,76.82,4/11/12,29482P100,1.5,0.0270665,3761.0,4/1/12,4/1/12,51702,99.90659148,0.75,8.305796918,0.30210295,9-Aug,Priced Within Range,8,54,163,0,19.29,141.13,1,2013-04-11,365,success,124.716001388062,-0.744889573253338
243,EAF,GrafTech International Ltd,9.9,28.8,32.0,571.463,302.226,15.0,-3.666666746,4533.39,4/19/18,384313508,1.6,95.4185,244841000.0,4/1/18,4/1/18,56512,100.6581149,2.25,4.024101718,0.397509156,21 - 24,Priced Below Range,8,36,164,0,118.06,687.09,1,2019-04-22,368,success,679.391891219258,-3.09405426842102
244,EARN,Ellington Residential Mortgage,-93.9,-291.2,-2.4,129.0,9.1334,20.0,-3.900000095,182.67,5/1/13,288578107,2.2,30.1485,3993250.0,5/1/13,4/1/13,51982,100.4875479,0.75,7.705884828,0.178040777,20 - 20,Priced Within Range,3,3,165,0,3.66,-81.69,0,2014-05-01,365,success,-100.0,-2.96921174127367
245,EB,Eventbrite Inc,76.5,-74.3,-8.1,264.5,11.5,23.0,58.69565201,264.5,9/20/18,3.00E+113,0.8,115.611,93702300.0,9/1/18,7/1/18,56831,100.4151294,2.75,3.746935562,0.116202518,21 - 23,Priced Within Range,4,8,9,1,18.28,-20.52,0,2019-09-20,365,success,-23.114559037789,57.9115928142027
246,EBC,Eastern Bankshares Inc,6.1,24.8,0.9,1792.88,0.0,10.0,21.5,0.0,10/15/20,27627N105,0.8,57.3576,101338000.0,10/1/20,10/1/20,57005,98.98453016,0.25,7.145794405,0.041493776,10-Oct,Priced Within Range,3,9,10,1,18.87,88.7,1,2021-10-15,365,success,63.4236935023038,21.6527755310524
247,EBS,Emergent BioSolutions Inc,15.2,12.8,1.8,62.5,27.4204,12.5,-6.400000095,342.75,11/15/06,29089Q105,6.0,85.2928,42551000.0,11/1/06,10/1/06,51455,101.2916395,6.25,4.568466443,-0.148662042,14 - 16,Priced Below Range,0,21,29,0,4.78,-61.76,0,2007-11-15,365,success,-67.0594130520978,-6.64044848575883
248,ECOR,ElectroCore Inc,55.9,-315.8,-61.3,89.7,28.3414,15.0,32.33333206,425.121,6/22/18,28531P103,-0.2,16.6139,11825300.0,6/1/18,4/1/18,56512,100.6340823,2.5,4.03458096,0.15938757,14 - 16,Priced Within Range,0,21,29,1,28.2,88.0,1,2019-06-24,367,success,80.9005950783227,32.147138611067
249,ECVT,Ecovyst Inc,23.2,-22.9,2.9,507.5,135.22,17.5,-1.428571463,2366.35,9/29/17,27923Q109,0.9,66.7195,86904300.0,9/1/17,7/1/17,55413,100.1379705,1.75,4.316244463,0.529490589,21 - 23,Priced Below Range,6,14,75,0,12.61,-27.97,0,2018-10-01,367,success,-43.6342907817544,-1.79908243809218
250,EDIT,Editas Medicine Inc,-71.8,-753.6,-32.2,108.56,36.5845,16.0,13.75,585.352,2/3/16,28106W103,-2.4,94.7829,65175600.0,2/1/16,1/1/16,54267,99.17484951,1.0,4.974560802,0.082307653,16 - 18,Priced Within Range,0,21,29,1,17.97,12.31,1,2017-02-02,365,success,-6.84473652413957,13.2507961064602
251,EEX,Emerald Holding Inc,14.2,-53.6,9.4,303.025,72.2022,17.0,14.70588207,1227.44,4/28/17,29103W104,1.2,89.0743,60222700.0,4/1/17,4/1/17,55057,99.87725138,1.5,4.433586626,0.296553337,18 - 20,Priced Below Range,0,7,45,1,18.04,6.12,1,2018-04-30,367,success,-5.73890427862022,14.8971968035967
252,EGLTQ,Zyla Life Sciences,167.8,74.5,-22.0,57.96,15.2875,12.0,0.0,183.45,2/6/14,28226B104,-0.1,7.21975,3486680.0,2/1/14,1/1/14,52266,100.6382872,0.75,6.7788573,0.369790865,13-Nov,Priced Within Range,0,13,65,0,9.59,-20.08,0,2015-02-06,365,success,-35.1964662736679,-1.24397928874673
253,EGRX,Eagle Pharmaceuticals Inc/DE,-8.6,-5.0,7.7,50.25,13.902,15.0,-14.46666622,208.53,2/12/14,269796108,2.1,109.776,14288300.0,2/1/14,1/1/14,52266,100.6382872,0.75,6.7788573,0.369790865,14 - 16,Priced Within Range,0,13,15,0,19.53,30.2,1,2015-02-12,365,success,16.4949728664678,-14.43973999387
254,EHTH,eHealth Inc,-7.6,-19.3,-12.8,80.5,21.6985,14.0,63.57143021,303.78,10/13/06,28238P109,-6.0,79.3186,21751000.0,10/1/06,10/1/06,51455,101.1917389,6.25,4.45357667,-0.542138985,12-Oct,Priced Above Range,3,18,118,1,27.14,93.86,1,2007-10-15,367,success,79.4943598718324,63.3667062833123
255,EIG,Employers Holdings Inc,-1.1,16.9,1.4,522.963,52.7152,17.0,17.47058868,896.16,1/31/07,292218104,0.3,82.7506,22505500.0,1/1/07,1/1/07,51492,101.5038509,6.25,4.666318328,0.305252725,14 - 16,Priced Above Range,3,18,25,1,11.91,-29.93,0,2008-01-31,365,success,-24.6499395422178,16.8113002912585
256,ELAN,Elanco Animal Health Inc,45.5,-9.9,-0.7,1736.04,365.625,24.0,50.0,8775.0,9/20/18,28414H103,0.9,105.424,499926000.0,9/1/18,7/1/18,56831,100.4151294,2.75,3.746935562,0.116202518,20 - 23,Priced Above Range,0,13,16,1,27.53,14.71,1,2019-09-20,365,success,12.115440962211,49.2159408042027
257,ELF,elf Beauty Inc,23.2,5.5,6.5,162.916,44.3798,17.0,55.88235474,754.457,9/22/16,26856L103,0.3,113.788,60237200.0,9/1/16,7/1/16,54549,99.32291136,1.0,5.067702195,0.240399586,14 - 16,Priced Above Range,0,53,145,1,19.28,13.41,1,2017-09-22,365,success,-1.79591169953884,55.2323762718833
258,ELV,Elevance Health Inc,13.7,4.4,6.1,1987.2,102.861,36.0,13.61111069,3703.0,10/30/01,36752103,34.3,97.831,233647000.0,10/1/01,10/1/01,46400,98.29104909,2.02,5.413870464,-0.336511497,33 - 37,Priced Within Range,0,0,142,1,26.46,-26.51,0,2002-10-30,365,success,-10.5105989620365,15.3277024695484
259,ENLK,EnLink Midstream Partners LP,71.7,2.1,4.2,46.0,2.333,20.0,0.5,46.66,12/12/02,29336U107,5.9,2.01191,2904370.0,12/1/02,10/1/02,46883,98.08210253,0.75,6.031730606,-0.220628792,19 - 21,Priced Within Range,2,2,2,1,7.23,-63.84,0,2003-12-12,365,success,-81.3060073330501,0.873497703526182
260,ENOV,Enovis Corp,25.5,1.8,0.3,388.125,44.006,18.0,16.66666603,792.11,5/8/08,194014502,6.9,103.592,56094600.0,5/1/08,4/1/08,51923,100.5720601,2.25,5.539569455,0.842088603,15 - 17,Priced Above Range,8,36,172,1,14.27,-20.73,0,2009-05-08,365,success,13.4802631665659,16.2997108178271
261,ENPH,Enphase Energy Inc,78.4,10.5,12.0,61.8912,40.6363,6.0,22.33333397,243.82,3/30/12,29355A107,2.6,81.6412,110970000.0,3/1/12,1/1/12,51559,99.92363477,0.75,8.317498152,0.759455862,7-Jun,Priced Within Range,2,15,19,1,5.86,-2.33,0,2013-04-01,367,success,-13.8162249342198,21.9634903256279
262,ENS,EnerSys,12.7,4.2,3.6,156.25,45.9456,12.5,0.0,574.32,7/30/04,29275Y102,-1.5,113.407,46303700.0,7/1/04,7/1/04,49243,100.8035013,2.25,5.557144436,-0.158144439,15 - 17,Priced Below Range,8,52,173,0,12.64,1.14,1,2005-08-01,367,success,-11.1199273459117,-0.117219353952702
263,ENSG,Ensign Group Inc/The,9.3,7.4,7.0,73.6,21.0464,16.0,0.875,336.74,11/9/07,29358P101,5.0,95.4527,52961200.0,11/1/07,10/1/07,52066,101.5178052,5.0,4.772251125,0.593961787,18 - 20,Priced Below Range,0,0,174,1,3.35,-79.06,0,2008-11-10,367,success,-41.306683318489,2.30370201551831
264,ENTA,Enanta Pharmaceuticals Inc,-20.7,-81.3,-28.7,64.4,17.4366,14.0,22.7142849,244.11,3/21/13,29251M106,-3.4,97.1641,20137100.0,3/1/13,1/1/13,51998,100.2801151,0.75,7.574579728,0.261450858,14 - 16,Priced Within Range,0,13,15,1,40.27,187.64,1,2014-03-21,365,success,167.264145360601,23.5425282758053
265,ENTG,Entegris Inc,23.6,17.8,4.1,143.0,67.0095,11.0,1.704545498,737.1,7/10/00,29362U104,2.9,102.719,153087000.0,7/1/00,7/1/00,46624,100.5207065,6.0,4.063214054,0.232018561,13-Nov,Priced Within Range,1,4,54,1,10.46,-4.94,0,2001-07-10,365,success,14.3759505811657,1.92633391822927
266,ENTL,Entellus Medical Inc,22.1,-38.2,-16.9,89.9997,18.3335,17.0,29.41176414,299.931,1/29/15,29363K105,-1.0,0.15692,47119.0,1/1/15,1/1/15,53806,100.6141113,0.75,5.715426963,-0.470589237,15 - 17,Priced Within Range,0,22,78,1,16.66,-2.0,0,2016-01-29,365,success,4.8423029808287,28.4582956022297
267,EOLS,Evolus Inc,76.2,-46.9,-38.9,60.57,23.6404,12.0,-4.166666508,283.685,2/8/18,30052C107,-0.6,43.8111,24642200.0,2/1/18,1/1/18,56195,100.5687191,2.0,4.155353875,0.453468997,14-Dec,Priced Within Range,0,21,29,0,26.71,122.58,1,2019-02-08,365,success,117.734976791941,-0.413024536116729
268,EPAM,EPAM Systems Inc,41.3,12.8,11.6,82.8,42.026,12.0,16.66666603,504.31,2/8/12,29414B104,10.1,97.0472,55815200.0,2/1/12,1/1/12,51559,99.86369756,0.75,8.372612628,0.440297355,16 - 18,Priced Below Range,1,1,31,1,21.52,79.33,1,2013-02-07,365,success,67.5200161037443,16.4506449547504
269,EQBK,Equity Bancshares Inc,-0.2,29.9,1.2,50.1975,7.441,22.5,6.177777767,0.0,11/11/15,29460X109,6.8,72.338,11529300.0,11/1/15,10/1/15,54045,99.41157201,0.75,5.199007422,-0.211068038,22 - 24,Priced Within Range,3,9,44,1,26.03,15.68,1,2016-11-10,365,success,12.5686718554217,6.50058636246983
270,EQGP,EQGP Holdings LP,13.3,31.4,5.5,714.15,266.165,27.0,21.92592621,7186.45,5/12/15,26885J103,2.4,0.0155393,47000.0,5/1/15,4/1/15,54021,100.231857,0.75,5.674303505,0.509723203,21 - 24,Priced Above Range,2,28,43,1,23.29,-13.74,0,2016-05-11,365,success,-11.8139465229945,22.2208899814718
271,EQH,Equitable Holdings Inc,-11.1,-3.9,1.0,3156.75,561.0,20.0,1.700000048,11220.0,5/10/18,2.95E+105,-1.8,110.396,408513000.0,5/1/18,4/1/18,56512,100.6574226,2.25,3.818462099,0.415891693,24 - 27,Priced Below Range,3,18,60,1,18.74,-6.28,0,2019-05-10,365,success,-11.7021852289113,0.762935686632177
272,ERII,Energy Recovery Inc,-12.6,13.7,7.6,136.85,47.9175,8.5,15.64705849,407.3,7/2/08,29270J100,0.2,84.2885,47198200.0,7/1/08,7/1/08,51523,99.74548384,2.25,5.879831975,0.525101113,9-Jul,Priced Within Range,8,33,84,1,6.59,-22.47,0,2009-07-02,365,success,4.65600729871888,17.4674204905352
273,ESNT,Essent Group Ltd,7.6,66.2,15.5,385.332,86.4946,17.0,23.52941132,1470.41,10/31/13,N.A.,6.3,105.789,113942000.0,10/1/13,10/1/13,52544,100.65078,0.75,7.416395048,-0.257528326,13.50 - 15.50,Priced Above Range,3,18,175,1,21.78,28.11,1,2014-10-31,365,success,15.2574600642451,23.9133494689061
274,ESPR,Esperion Therapeutics Inc,-65.5,-343.0,-90.4,80.5,15.3293,14.0,3.571428537,214.61,6/26/13,29664W105,-9.1,120.491,88781900.0,6/1/13,4/1/13,51982,100.5692261,0.75,7.657716977,0.239970809,13 - 15,Priced Within Range,0,21,29,1,15.16,8.29,1,2014-06-26,365,success,-13.3359351469759,2.61237985896018
275,ESQ,Esquire Financial Holdings Inc,23.0,27.3,2.1,38.059,7.2116,14.0,8.928571701,100.962,6/27/17,29667J101,4.0,63.8705,5205010.0,6/1/17,4/1/17,55057,99.9382068,1.75,4.359433085,0.090711101,14 - 16,Priced Within Range,3,9,10,1,25.47,81.95,1,2018-06-27,365,success,69.6455997240554,9.73585416731084
276,ESRT,Empire State Realty Trust Inc,2.4,-1.0,0.6,1068.93,100.118,13.0,0.769230783,1301.53,10/2/13,292104106,1.2,87.4692,140326000.0,10/1/13,10/1/13,52544,100.65078,0.75,7.416395048,-0.257528326,13 - 15,Priced Within Range,3,3,157,1,11.99,-7.75,0,2014-10-02,365,success,-24.1869192926167,0.835897744651918
277,ESTC,Elastic NV,41.7,-23.6,-15.4,289.8,70.5427,36.0,94.44444275,2539.54,10/5/18,N.A.,0.0612877,84.1604,80019600.0,10/1/18,10/1/18,56851,100.2681725,2.75,3.822420119,0.176676346,33 - 35,Priced Above Range,1,5,5,1,87.27,142.42,1,2019-10-07,367,success,140.117510702069,94.9972406245767
278,ET,Energy Transfer LP,73.0,8.1,4.4,507.15,139.655,21.0,7.857142925,2932.76,2/2/06,29273V100,4.0,38.7552,1196950000.0,2/1/06,1/1/06,51200,101.1704712,5.5,4.870275357,0.201714574,19 - 21,Priced Within Range,2,2,2,1,2.18,-89.63,0,2007-02-02,365,success,-100.0,8.76321370719731
279,ETON,Eton Pharmaceuticals Inc,55879.4,-8.9,-45.1,24.84,16.8584,6.0,4.166666508,101.15,11/13/18,29772L108,-0.1,24.1527,6109930.0,11/1/18,10/1/18,56851,100.1040647,2.75,3.779995013,-0.334934852,6-Jun,Priced Within Range,0,13,15,1,5.75,-4.17,0,2019-11-13,365,success,-17.749563630403,4.31485847500837
280,ETSY,Etsy Inc,34.9,21.1,-21.5,306.667,110.963,16.0,87.5,1775.41,4/16/15,29786A106,5.1,111.983,140749000.0,4/1/15,4/1/15,54021,100.329222,0.75,5.52420878,0.203287325,14 - 16,Priced Within Range,4,8,138,1,8.77,-45.19,0,2016-04-15,365,success,-44.1177826447051,87.5778443813616
281,EVC,Entravision Communications Cor,120.9,3.8,2.7,759.0,103.509,16.5,15.15151501,1707.9,8/2/00,29382R107,0.7,83.4374,51285300.0,8/1/00,7/1/00,46624,100.3264793,6.0,4.15367782,0.0,13 - 15,Priced Above Range,4,19,26,1,6.55,-60.32,0,2001-08-02,365,success,-44.5092000592693,15.1097950315553
282,EVER,EverQuote Inc,20.6,-4.6,-15.6,84.375,4.8519,18.0,0.111111112,87.3342,6/28/18,30041R108,0.2,76.2517,19814400.0,6/1/18,4/1/18,56512,100.6340823,2.5,4.03458096,0.15938757,15 - 17,Priced Above Range,4,8,9,1,13.0,-27.78,0,2019-06-28,365,success,-35.4598987769754,-0.50675788200682
283,EVH,Evolent Health Inc,-1.8,-4.1,-0.8,224.825,41.4517,17.0,10.94117641,704.679,6/5/15,30050B101,0.4,110.894,112214000.0,6/1/15,4/1/15,54021,100.1249321,0.75,5.350969219,0.350287,14 - 16,Priced Above Range,1,5,81,1,16.07,-5.47,0,2016-06-06,367,success,-6.06392934623141,11.0847947145278
284,EVR,Evercore Inc,44.3,22.3,19.6,95.3925,4.5925,21.0,18.33333397,96.44,8/11/06,29977A105,34.5,98.0463,38078900.0,8/1/06,7/1/06,51155,101.0490492,6.25,4.702793916,0.196560197,18 - 20,Priced Above Range,3,26,76,1,14.11,-32.81,0,2007-08-13,367,success,-47.5644110453164,18.7319838284534
285,EXAS,Exact Sciences Corp,18.4,-33.7,-11.0,56.0,18.6563,14.0,5.357142925,261.19,1/30/01,30063P105,-0.6,98.8014,175554000.0,1/1/01,1/1/01,46519,98.87571881,5.52,4.253849873,0.632183908,14 - 16,Priced Within Range,0,22,112,1,10.02,-28.43,0,2002-01-30,365,success,-10.1199949289889,4.65635521586891
286,EXEL,Exelixis Inc,45.3,16.1,11.3,118.3,40.3458,13.0,16.82692337,524.5,4/11/00,30161Q104,1.2,92.9171,299715000.0,4/1/00,4/1/00,46704,100.9656912,5.5,3.86810754,0.058411215,12-Oct,Priced Above Range,0,21,29,1,9.61,-26.08,0,2001-04-11,365,success,-1.88951437602775,17.0841581984648
287,EXLS,ExlService Holdings Inc,17.1,10.2,11.2,77.625,28.0887,13.5,39.55555725,379.2,10/19/06,302081104,5.5,106.717,35285500.0,10/1/06,10/1/06,51455,101.1917389,6.25,4.45357667,-0.542138985,12-Oct,Priced Above Range,1,1,31,1,5.23,-61.23,0,2007-10-19,365,success,-73.8945988133664,39.4706317881178
288,EXR,Extra Space Storage Inc,16.3,52.4,8.5,290.375,28.1399,12.5,0.0,351.75,8/12/04,30225T102,7.1,103.868,139101000.0,8/1/04,7/1/04,49243,100.6961111,2.5,5.45422641,0.05279831,13 - 15,Priced Below Range,3,3,150,0,6.54,-47.67,0,2005-08-12,365,success,-63.485019155122,1.16751954792917
289,EYE,National Vision Holdings Inc,21.4,6.1,3.7,399.74,74.6538,22.0,26.5,1642.38,10/26/17,63845R107,3.1,151.237,119345000.0,10/1/17,10/1/17,55877,100.2302312,1.75,4.165125132,-0.06320421,18 - 20,Priced Above Range,5,17,178,1,41.16,87.09,1,2018-10-26,365,success,83.3522949670774,26.3729053780751
290,FANG,Diamondback Energy Inc,82.1,39.2,18.8,251.562,36.987,17.5,0.0,647.27,10/12/12,25278X109,22.3,99.1112,174434000.0,10/1/12,10/1/12,51634,99.71850812,0.75,8.014015423,-0.038892514,17 - 19,Priced Within Range,2,28,43,0,36.22,106.98,1,2013-10-14,367,success,87.2717523081637,0.296613725248362
291,FAT,FAT Brands Inc,556.1,-26.5,-8.0,24.0,0.0,12.0,-5.666666508,0.0,10/23/17,30258N105,0.046531,7.79294,1193040.0,10/1/17,10/1/17,55877,100.2302312,1.75,4.165125132,-0.06320421,12-Dec,Priced Within Range,5,17,33,0,2.78,-76.87,0,2018-10-23,365,success,-84.776496369613,-5.26941808340834
292,FATE,Fate Therapeutics Inc,77.6,-379.8,-33.9,46.0002,19.1566,6.0,10.33333302,114.94,10/1/13,31189P102,-1.7,113.396,110188000.0,10/1/13,10/1/13,52544,100.65078,0.75,7.416395048,-0.257528326,8-Jun,Priced Within Range,0,21,29,1,5.07,-15.5,0,2014-10-01,365,success,-32.1843686725664,9.53347868274737
293,FBK,FB Financial Corp,-0.5,33.0,1.1,128.531,23.9848,19.0,9.210526466,455.711,9/16/16,30257X104,1.1,66.7685,31334400.0,9/1/16,7/1/16,54549,99.32291136,1.0,5.067702195,0.240399586,16 - 18,Priced Above Range,3,9,91,1,32.12,69.04,1,2017-09-18,367,success,52.3764395527248,9.58775595671267
294,FDMT,4D Molecular Therapeutics Inc,32.5,-395.3,-36.4,222.18,26.4937,23.0,76.08695984,609.355,12/11/20,3.51E+104,-2.4,81.3661,26356400.0,12/1/20,10/1/20,57005,99.71018332,0.25,6.897872332,0.094147847,22 - 23,Priced Within Range,0,21,29,1,22.53,-2.04,0,2021-12-13,367,success,-29.4455195003672,76.2134595776307
295,FDUS,Fidus Investment Corp,6.2,128.3,9.3,80.5575,8.72652,15.0,0.0,130.9,6/21/11,316500107,6.8,19.9906,4885180.0,6/1/11,4/1/11,50897,99.76797113,0.75,9.175962174,-0.107096706,15 - 15,Priced Within Range,3,24,37,0,3.5,-76.66,0,2012-06-20,365,success,-80.4623348338531,-1.34234763301042
296,FHB,First Hawaiian Inc,-5.8,37.1,0.9,557.75,142.623,23.0,5.434782505,3280.32,8/4/16,32051X108,3.2,107.705,137519000.0,8/1/16,7/1/16,54549,99.24735392,1.0,4.938698083,0.091843011,21 - 23,Priced Within Range,3,9,121,1,20.78,-9.64,0,2017-08-04,365,success,-24.1170737206884,5.41352531314174
297,FHTX,Foghorn Therapeutics Inc,206.7,-7681.5,-32.9,135.229,36.6466,16.0,13.25,586.346,10/23/20,344174107,-1.3,68.0598,28450300.0,10/1/20,10/1/20,57005,98.98453016,0.25,7.145794405,0.041493776,15 - 17,Priced Within Range,0,13,15,1,12.45,-22.19,0,2021-10-25,367,success,-53.4820025013763,12.9054238456038
298,FIBK,First Interstate BancSystem In,-3.5,30.0,0.6,166.75,42.7433,14.5,8.27586174,619.78,3/24/10,32055Y201,4.5,86.3695,90210900.0,3/1/10,1/1/10,50036,99.66080144,0.75,10.04712856,0.410628354,14 - 16,Priced Within Range,3,9,70,1,7.74,-46.65,0,2011-03-24,365,success,-57.8393293978784,8.82519214005234
299,FIVE,Five Below Inc,45.1,9.7,8.3,187.981,53.9649,17.0,55.88235474,917.4,7/19/12,33829M101,5.8,121.808,67612000.0,7/1/12,7/1/12,51684,99.65778342,0.75,8.233350624,-0.162978586,15 - 17,Priced Within Range,5,17,181,1,40.88,140.47,1,2013-07-19,365,success,117.543907657235,55.6106447120855
300,FIVN,Five9 Inc,40.1,-8.6,-7.1,80.5,47.5475,7.0,9.142857552,332.83,4/4/14,338307101,0.4,114.188,80508500.0,4/1/14,4/1/14,52840,100.7244786,0.75,6.336592395,0.329675445,11-Sep,Priced Below Range,1,5,5,1,5.47,-21.86,0,2015-04-06,367,success,-32.6836062967485,10.3965863675389
301,FLGT,Fulgent Genetics Inc,135.3,51.1,20.8,43.47,17.6763,9.0,2.0,159.087,9/29/16,359664109,18.3,47.3293,13932800.0,9/1/16,7/1/16,54549,99.32291136,1.0,5.067702195,0.240399586,11-Sep,Priced Within Range,0,0,0,1,4.79,-46.78,0,2017-09-29,365,success,-63.3252657606914,2.932141132529
302,FMI,Foundation Medicine Inc,30.8,-105.6,-83.3,121.9,28.0557,18.0,96.3888855,505.0,9/25/13,350465100,-3.3,0.14327,53354.0,9/1/13,7/1/13,52284,100.6503359,0.75,7.388513748,0.116300449,14 - 16,Priced Above Range,0,22,32,1,19.52,8.44,1,2014-09-25,365,success,-8.69168336948689,96.6628320706462
303,FND,Floor & Decor Holdings Inc,41.5,8.2,7.0,213.087,92.3586,21.0,52.61904907,1939.53,4/27/17,339750101,2.8,123.621,131184000.0,4/1/17,4/1/17,55057,99.87725138,1.5,4.433586626,0.296553337,16 - 18,Priced Above Range,5,17,183,1,55.02,162.0,1,2018-04-27,365,success,151.507994495008,52.5637570627499
304,FNKO,Funko Inc,57.7,4.2,4.4,125.0,23.3377,12.0,-41.08333206,280.052,11/2/17,361008105,2.2,71.3007,33642300.0,11/1/17,10/1/17,55877,100.3158857,1.75,4.25663681,0.002432469,14 - 16,Priced Below Range,5,57,184,0,20.59,71.58,1,2018-11-02,365,success,66.4676916491293,-41.1023286707745
305,FNWB,First Northwest Bancorp,17.4,20.8,0.7,121.67,13.1004,10.0,21.79999924,131.004,1/30/15,335834107,1.6,68.0735,6772670.0,1/1/15,1/1/15,53806,100.6141113,0.75,5.715426963,-0.470589237,10-Oct,Priced Within Range,3,9,70,1,11.4,14.04,1,2016-02-01,367,success,19.134261400279,23.0991957767965
306,FOLD,Amicus Therapeutics Inc,17.1,-81.9,-30.7,75.0,22.2344,15.0,-3.799999952,333.52,5/31/07,03152W109,-0.7,115.342,324048000.0,5/1/07,4/1/07,51705,101.897221,6.25,4.507395483,0.611071867,14 - 16,Priced Within Range,0,21,29,0,10.4,-30.67,0,2008-05-30,365,success,-21.5377510122295,-3.82548729737275
307,FORM,FormFactor Inc,10.9,10.9,8.9,96.6,33.3683,14.0,25.5714283,467.16,6/12/03,346375108,1.7,100.948,77755600.0,6/1/03,4/1/03,47342,98.60212503,2.0,6.348333006,0.108991826,13-Nov,Priced Above Range,1,4,54,1,19.81,41.5,1,2004-06-14,368,success,28.1981858072105,25.4681651448354
308,FOUR,Shift4 Payments Inc,78.3,-3.5,1.5,396.75,23.325,23.0,45.82608795,536.475,6/5/20,82452J109,0.5,141.166,74827100.0,6/1/20,4/1/20,52394,96.38894556,0.25,10.71621054,0.547204693,19 - 23,Priced Within Range,0,7,115,1,97.75,325.0,1,2021-06-07,367,success,293.724418278817,43.2049228679476
309,FOXF,Fox Factory Holding Corp,45.8,12.6,11.9,147.857,36.3171,15.0,24.06666756,544.76,8/8/13,35138V102,1.5,118.794,50211300.0,8/1/13,7/1/13,52284,100.641767,0.75,7.391202966,0.120293156,13 - 15,Priced Within Range,5,38,69,1,14.85,-1.0,0,2014-08-08,365,success,-14.1229830469046,23.6781225831594
310,FPH,Five Point Holdings LLC,46.0,2.9,-0.1,338.1,143.064,14.0,7.428571224,3143.38,5/10/17,33833Q106,-0.5,75.768,52331700.0,5/1/17,4/1/17,55057,99.9020738,1.5,4.399948582,0.085472183,18 - 20,Priced Below Range,3,34,59,1,13.03,-6.93,0,2018-05-10,365,success,-18.2771681999386,7.31551108481358
311,FPI,Farmland Partners Inc,2.0,19.3,1.6,53.2,4.0143,14.0,-7.285714149,56.2,4/11/14,31154R109,0.2,48.2453,26334200.0,4/1/14,4/1/14,52840,100.7244786,0.75,6.336592395,0.329675445,14 - 16,Priced Within Range,3,3,50,0,7.37,-47.38,0,2015-04-13,367,success,-63.1519724900982,-6.33703676353848
312,FRPT,Freshpet Inc,33.4,-6.9,-6.8,179.689,33.3616,15.0,27.39999962,500.424,11/7/14,358039105,0.0150707,137.397,65978300.0,11/1/14,10/1/14,53464,100.7732648,0.75,5.911112923,-0.539941794,14-Dec,Priced Above Range,5,17,185,1,9.15,-39.0,0,2015-11-09,367,success,-42.3470750092172,27.3650409986052
313,FSEA,First Seacoast Bancorp,-0.8,15.8,0.2,24.383,6.0835,10.0,-2.5,60.835,7/17/19,33631P102,0.4,6.5054,394545.0,7/1/19,7/1/19,57845,99.35534623,3.0,3.786645109,0.167094162,10-Oct,Priced Within Range,3,9,121,0,7.63,-23.67,0,2020-07-16,365,success,-30.8104193635456,-1.84687564928292
314,FSLR,First Solar Inc,7.8,16.0,1.2,458.85,72.3304,20.0,23.70000076,1446.61,11/17/06,336433107,2.2,93.1465,99299300.0,11/1/06,10/1/06,51455,101.2916395,6.25,4.568466443,-0.148662042,17 - 19,Priced Above Range,2,15,19,1,215.76,978.8,1,2007-11-19,367,success,974.693516913205,23.5971301972097
315,FSLY,Fastly Inc,21.8,-62.8,-9.9,207.0,12.9375,16.0,49.9375,207.0,5/17/19,31188V100,-0.3,65.0393,79998300.0,5/1/19,4/1/19,57418,99.50838434,3.0,3.645931768,0.212875859,14 - 16,Priced Within Range,1,5,82,1,39.05,144.06,1,2020-05-18,367,success,144.305845608499,50.5212333329762
316,FTHM,Fathom Holdings Inc,86.8,-3.7,-21.1,34.3,13.2232,10.0,0.300000012,132.232,7/31/20,31189V109,-0.8,18.9892,3242330.0,7/1/20,7/1/20,56484,97.81746245,0.25,9.875006693,0.50582435,9-Jul,Priced Above Range,3,34,130,1,26.31,163.1,1,2021-08-02,367,success,128.004077382127,-0.467050472022791
317,FTNT,Fortinet Inc,28.8,18.1,13.1,179.688,66.269,12.5,32.95999908,828.36,11/18/09,3.50E+113,1.8,81.0436,633142000.0,11/1/09,10/1/09,49886,98.58341245,0.5,10.03839153,0.070775337,11-Sep,Priced Above Range,1,1,127,1,3.26,-73.95,0,2010-11-18,365,success,-80.1258797958028,33.0068231510142
318,FULC,Fulcrum Therapeutics Inc,117.1,-421.8,-62.5,72.0,23.34,16.0,-15.625,373.44,7/18/19,359616109,-2.2,100.117,52112200.0,7/1/19,7/1/19,57845,99.35534623,3.0,3.786645109,0.167094162,16 - 18,Priced Within Range,0,13,15,0,17.88,11.75,1,2020-07-17,365,success,4.02240589723,-15.9831997600671
319,FVCB,FVCBankcorp Inc,3.9,35.2,1.2,36.87,12.9198,20.0,1.5,258.396,9/13/18,36120Q101,1.4,39.1237,5474130.0,9/1/18,7/1/18,56831,100.4151294,2.75,3.746935562,0.116202518,19 - 21,Priced Within Range,3,9,91,1,15.37,-23.15,0,2019-09-13,365,success,-26.7789120670089,0.971774558934967
320,FWMHQ,Fairway Group Holdings Corp,2.7,-5.8,-12.3,204.068,27.8591,13.0,33.46154022,362.17,4/17/13,30603D109,0.3,0.583722,174556.0,4/1/13,4/1/13,51982,100.384401,0.75,7.675765434,-0.103963948,12-Oct,Priced Above Range,0,10,53,1,7.56,-41.85,0,2014-04-17,365,success,-59.8009135382445,34.8943083264478
321,GAIN,Gladstone Investment Corp,28.1,141.0,9.2,248.4,0.0,15.0,0.266666681,0.0,6/23/05,376546107,1.1,14.78,4912100.0,6/1/05,4/1/05,50204,100.2962748,4.25,5.089785897,0.051440329,15 - 15,Priced Within Range,3,24,37,1,2.05,-86.35,0,2006-06-23,365,success,-90.6365566661374,1.34997186321197
322,GBDC,Golub Capital BDC Inc,2.7,110.8,4.1,107.372,17.7124,14.5,1.448275805,256.83,4/15/10,38173M102,-1.8,49.255,84174800.0,4/1/10,4/1/10,50424,99.72769411,0.75,10.14140777,0.173688491,15 - 16,Priced Below Range,3,24,37,1,4.53,-68.79,0,2011-04-15,365,success,-78.0986329532135,1.36402189348313
323,GDDY,GoDaddy Inc,15.0,6.3,4.8,520.0,64.8242,20.0,30.75,1236.48,4/1/15,380237107,4.9,115.19,178620000.0,4/1/15,4/1/15,54021,100.329222,0.75,5.52420878,0.203287325,17 - 19,Priced Above Range,4,8,169,1,32.33,61.65,1,2016-03-31,365,success,61.4431722675729,31.1465371670783
324,GDOT,Green Dot Corp,14.3,3.3,1.1,188.703,41.4373,36.0,22.19444466,1491.74,7/22/10,39304D102,3.0,96.9638,50972800.0,7/1/10,7/1/10,50706,99.58635413,0.75,9.506082108,0.021104306,32 - 35,Priced Above Range,0,7,115,1,30.03,-16.58,0,2011-07-22,365,success,-37.8898948150399,19.9431073470619
325,GDRX,GoodRx Holdings Inc,35.3,-3.3,-4.4,1313.65,42.838,33.0,53.03030396,1413.65,9/23/20,38246G108,0.4,82.7221,68211000.0,9/1/20,7/1/20,56484,98.66695103,0.25,8.083785823,0.139274694,24 - 28,Priced Above Range,0,13,160,1,46.33,40.39,1,2021-09-23,365,success,5.87354466830089,55.4024494549508
326,GH,Guardant Health Inc,30.3,-108.5,-30.8,273.125,83.5573,19.0,69.47368622,1587.59,10/4/18,40131M109,-2.0,107.107,109717000.0,10/1/18,10/1/18,56851,100.2681725,2.75,3.822420119,0.176676346,15 - 17,Priced Above Range,0,21,29,1,64.67,240.37,1,2019-10-04,365,success,240.059145830508,70.2906344758017
327,GHLD,Guild Holdings Co,-3.0,18.0,9.8,97.5,19.667,15.0,0.0,295.005,10/22/20,40172N107,11.2,43.8514,9092050.0,10/1/20,10/1/20,57005,98.98453016,0.25,7.145794405,0.041493776,17 - 19,Priced Below Range,3,26,170,0,11.08,-26.16,0,2021-10-22,365,success,-57.5108929846355,-0.5218925209306
328,GKOS,Glaukos Corp,30.7,-16.8,-8.6,124.2,31.263,18.0,73.44444275,562.734,6/25/15,377322102,0.5,106.801,50947500.0,6/1/15,4/1/15,54021,100.1249321,0.75,5.350969219,0.350287,16 - 17,Priced Above Range,0,22,61,1,28.17,56.5,1,2016-06-24,365,success,57.3019800850889,73.7418001548915
329,GLBR,Global Brokerage Inc,-20.0,21.9,-2.2,242.466,17.319,14.0,6.071428776,242.47,12/2/10,37891B109,3.9,0.163105,10020.0,12/1/10,10/1/10,50859,100.0833654,0.75,9.571029496,0.171844079,13 - 15,Priced Within Range,3,26,76,1,94.29,573.54,1,2011-12-02,365,success,575.696319318778,4.78957252452186
330,GM,General Motors Co,3.6,7.8,3.8,18140.1,1500.0,33.0,3.606060505,49500.0,11/18/10,37045V100,10.4,97.2617,1381790000.0,11/1/10,10/1/10,50859,99.91560898,0.75,9.89147006,0.042064642,32 - 33,Priced Within Range,5,55,177,1,16.2,-50.91,0,2011-11-18,365,success,-56.0174314161048,2.07032920555331
331,GME,GameStop Corp,18.0,-6.3,-16.3,373.75,54.0646,18.0,11.66666698,973.16,2/13/02,36467W109,-1.5,39.6919,120873000.0,2/1/02,1/1/02,46683,99.22847131,1.25,5.740918436,0.395256917,17 - 19,Priced Within Range,5,17,181,1,0.67,-96.3,0,2003-02-13,365,success,-70.4343398616522,10.6725351515576
332,GMED,Globus Medical Inc,21.4,15.5,7.9,115.0,62.5034,12.0,12.5,750.04,8/3/12,379577208,2.7,113.17,87595100.0,8/1/12,7/1/12,51684,99.62800078,0.75,8.170957946,0.556515818,13-Dec,Priced Within Range,0,22,61,1,17.19,43.25,1,2013-08-05,367,success,20.5215815877295,10.5959714285714
333,GMRE,Global Medical REIT Inc,23.6,15.2,1.7,150.0,17.6057,10.0,0.100000002,176.057,6/29/16,37954A204,1.1,76.2294,49944200.0,6/1/16,4/1/16,54334,99.18337219,1.0,4.950735144,0.328436617,12-Oct,Priced Within Range,3,3,136,1,22.84,128.4,1,2017-06-29,365,success,111.565206197065,-1.60326726904946
334,GMS,GMS Inc,40.5,5.9,10.2,169.05,40.9429,21.0,4.333333492,859.801,5/26/16,36251C103,4.1,100.404,42578200.0,5/1/16,4/1/16,54334,99.17131936,1.0,4.882282302,0.4045791,21 - 23,Priced Within Range,5,17,93,1,32.87,56.52,1,2017-05-26,365,success,41.4829309476258,4.35437786291818
335,GNRC,Generac Holdings Inc,50.3,14.7,10.0,269.107,67.5293,13.0,-1.230769277,877.88,2/11/10,368736104,6.5,96.3481,61042700.0,2/1/10,1/1/10,50036,99.50065669,0.75,9.926923507,0.024920738,15 - 17,Priced Below Range,8,52,135,0,10.09,-22.35,0,2011-02-11,365,success,-45.1693627655489,-2.19881304991133
336,GNRT,Euronav MI II Inc,-23.9,-54.7,-8.2,236.351,81.8725,14.0,-6.428571224,1146.21,6/25/15,N.A.,1.8,0.202247,168406.0,6/1/15,4/1/15,54021,100.1249321,0.75,5.350969219,0.350287,17 - 19,Priced Below Range,8,54,168,0,6.36,-54.57,0,2016-06-24,365,success,-53.7680199149111,-6.13121381910849
337,GNTY,Guaranty Bancshares Inc/TX,0.8,33.1,1.3,54.0,10.7539,27.0,11.48148155,290.355,5/9/17,400764106,3.6,36.0757,4307290.0,5/1/17,4/1/17,55057,99.9020738,1.5,4.399948582,0.085472183,26 - 28,Priced Within Range,3,9,44,1,23.72,-12.14,0,2018-05-09,365,success,-23.6426771845572,11.5840064155884
338,GNW,Genworth Financial Inc,-5.4,11.5,0.6,2855.58,146.44,19.5,0.0,2855.58,5/25/04,37247D106,0.8,81.3104,403597000.0,5/1/04,4/1/04,48905,100.9690499,2.0,5.649825354,0.585106383,21 - 23,Priced Below Range,3,18,190,0,26.16,34.14,1,2005-05-25,365,success,26.8797751724999,-1.61035725915215
339,GO,Grocery Outlet Holding Corp,-1.7,2.0,2.0,434.843,85.7036,22.0,29.59090996,1885.48,6/20/19,39874R101,1.7,117.054,113869000.0,6/1/19,4/1/19,57418,99.43025865,3.0,3.689126149,0.019914718,18 - 19,Priced Above Range,0,10,53,1,35.02,59.18,1,2020-06-19,365,success,53.7873001080829,28.6436914308072
340,GOCO,GoHealth Inc,21.0,-17.8,-11.6,913.5,84.183,21.0,-7.333333492,1767.84,7/15/20,38046W105,-2.8,52.536,70060500.0,7/1/20,7/1/20,56484,97.81746245,0.25,9.875006693,0.50582435,18 - 20,Priced Above Range,3,18,60,0,150.6,617.14,1,2021-07-15,365,success,581.726126366601,-8.24153856400453
341,GOGO,Gogo Inc,24.4,45.5,48.3,187.0,84.9188,17.0,-5.882352829,1443.62,6/21/13,38046C109,0.6,65.7023,83619500.0,6/1/13,4/1/13,51982,100.5692261,0.75,7.657716977,0.239970809,15 - 17,Priced Within Range,4,23,158,0,19.49,14.65,1,2014-06-23,367,success,-8.3996733641778,-6.14933053050401
342,GOLF,Acushnet Holdings Corp,33.2,8.3,8.2,377.966,74.0936,17.0,5.588235378,1259.59,10/28/16,5098108,4.2,54.1217,37998300.0,10/1/16,10/1/16,54714,99.43029734,1.0,4.98714224,0.124674851,21 - 24,Priced Below Range,5,12,191,1,15.82,-6.96,0,2017-10-30,367,success,-27.3695168834032,5.89906531455891
343,GOOD,Gladstone Commercial Corp,3.4,7.1,1.1,113.85,6.652,15.0,0.200000003,99.78,8/13/03,376536108,1.9,49.3094,19530000.0,8/1/03,7/1/03,48012,99.24404837,2.0,6.125750534,0.380641653,15 - 15,Priced Within Range,3,3,50,1,2.68,-82.15,0,2004-08-12,365,success,-91.4749196638109,0.838152823286697
344,GOOGL,Alphabet Inc,41.1,29.5,18.9,1916.4,33.6034,85.0,18.04117584,2856.29,8/19/04,02079K305,6.8,83.4887,4986780000.0,8/1/04,7/1/04,49243,100.6961111,2.5,5.45422641,0.05279831,85 - 95,Priced Within Range,4,8,187,1,6.96,-91.81,0,2005-08-19,365,success,-100.0,18.4009431676023
345,GPMT,Granite Point Mortgage Trust I,-10.6,34.4,0.4,195.0,43.2308,19.5,-2.56410265,843.001,6/23/17,38741L107,1.1,65.7089,34399300.0,6/1/17,4/1/17,55057,99.9382068,1.75,4.359433085,0.090711101,20 - 21,Priced Below Range,3,3,6,0,9.14,-53.12,0,2018-06-25,367,success,-65.8936519189973,-2.72019420884164
346,GPRO,GoPro Inc,30.1,31.9,7.0,491.28,17.8,24.0,30.58333397,427.2,6/26/14,38268T103,1.4,70.3481,91219200.0,6/1/14,4/1/14,52840,100.8107011,0.75,6.174444118,0.186212694,21 - 24,Priced Within Range,8,31,192,1,54.13,125.54,1,2015-06-26,365,success,117.806576611587,30.7012223394464
347,GRBK,Green Brick Partners Inc,43.7,13.5,19.9,63.3937,15.3293,10.5,0.095238097,160.96,6/14/07,392709101,-1.8,101.923,46922800.0,6/1/07,4/1/07,51705,101.934506,6.25,4.614935452,0.193797518,10.50 - 10.50,Priced Within Range,5,51,131,1,40.73,287.91,1,2008-06-13,365,success,300.220156114037,-0.386392257106288
348,GRPN,Groupon Inc,-31.7,12.2,-15.4,805.0,640.653,20.0,30.54999924,12813.1,11/4/11,399473206,-4.2,66.2279,20158000.0,11/1/11,10/1/11,51232,99.32940708,0.75,8.7267857,-0.084356133,16 - 18,Priced Above Range,4,8,9,1,78.0,290.0,1,2012-11-05,367,success,276.911418285732,31.1780009724886
349,GSAT,Globalstar Inc,-3.2,-90.6,-11.2,127.5,70.3755,17.0,3.058823586,1196.38,11/2/06,378973408,0.0747142,18.7278,337288000.0,11/1/06,10/1/06,51455,101.2916395,6.25,4.568466443,-0.148662042,16 - 18,Priced Within Range,4,23,158,1,125.1,635.88,1,2007-11-02,365,success,625.560695473798,3.09319188128389
350,GSBD,Goldman Sachs BDC Inc,100.6,55.4,2.5,138.0,36.2811,20.0,0.25,707.622,3/18/15,38147U107,-0.2,30.2456,31086000.0,3/1/15,1/1/15,53806,100.4217937,0.75,5.536422193,0.595172161,20 - 21,Priced Within Range,3,24,37,1,6.97,-65.17,0,2016-03-17,365,success,-61.1895310311979,-0.96584215474313
351,GSHD,Goosehead Insurance Inc,29.3,3.5,0.1,98.095,13.5333,10.0,57.5,135.333,4/27/18,38267D109,1.8,131.588,27827400.0,4/1/18,4/1/18,56512,100.6581149,2.25,4.024101718,0.397509156,14 - 16,Priced Below Range,3,18,118,1,27.42,174.22,1,2019-04-29,367,success,164.108423958179,57.3886374996924
352,GSHTU,Verra Mobility Corp,39.8,7.5,5.2,400.0,40.0,10.0,2.5,400.0,1/13/17,382867208,1.2,0.5625,225000.0,1/1/17,1/1/17,54866,99.76074483,1.25,4.769484484,0.582772789,10-Oct,Priced Within Range,1,5,82,1,10.46,4.6,1,2018-01-16,368,success,-17.0702506412957,2.31501593923907
353,GSIT,GSI Technology Inc,20.3,-49.0,-21.4,35.3711,27.5339,5.5,-3.818181753,151.44,3/29/07,36241U106,-0.5,23.754,5832490.0,3/1/07,1/1/07,51492,101.7155915,6.25,4.449643744,0.910569585,6.50 - 8,Priced Below Range,1,4,4,0,2.76,-49.82,0,2008-03-28,365,success,-43.0173303180091,-4.19215415513617
354,GTES,Gates Industrial Corp PLC,24.4,8.5,2.7,841.225,289.75,19.0,-2.631578922,5505.25,1/25/18,N.A.,1.3,109.456,309158000.0,1/1/18,1/1/18,56195,100.4818485,2.0,4.134060502,0.544774545,18 - 21,Priced Within Range,8,36,64,0,14.55,-23.42,0,2019-01-25,365,success,-16.4843683367086,-2.69184101439334
355,GTLS,Chart Industries Inc,11.9,4.4,2.5,187.5,25.588,15.0,1.333333373,383.82,7/25/06,16115Q308,-0.6,146.244,53576800.0,7/1/06,7/1/06,51155,101.0396636,6.25,4.811447274,0.295712173,19 - 21,Priced Below Range,8,36,64,1,27.54,83.6,1,2007-07-25,365,success,64.5154503935934,0.701252511947869
356,GWRE,Guidewire Software Inc,9.3,-22.2,-7.8,132.308,48.8615,13.0,31.69230843,635.2,1/25/12,40171V100,-0.4,117.967,96587200.0,1/1/12,1/1/12,51559,99.72371618,0.75,8.342726425,0.440019143,12-Oct,Priced Above Range,1,5,81,1,32.97,153.62,1,2013-01-24,365,success,140.893586452241,30.8243941720834
357,H,Hyatt Hotels Corp,46.5,-7.3,1.2,1092.5,173.74,25.0,12.0,4343.5,11/5/09,448579102,3.0,121.388,58388900.0,11/1/09,10/1/09,49886,98.58341245,0.5,10.03839153,0.070775337,23 - 26,Priced Within Range,5,11,125,1,41.25,65.0,1,2010-11-05,365,success,52.6873934368647,10.0764448160535
358,HASI,Hannon Armstrong Sustainable I,14.0,59.3,2.9,176.896,15.9458,12.5,-8.800000191,199.32,4/18/13,41068X100,0.1,104.042,92575000.0,4/1/13,4/1/13,51982,100.384401,0.75,7.675765434,-0.103963948,14 - 16,Priced Below Range,3,26,194,0,7.31,-41.49,0,2014-04-21,368,success,-61.0390427496161,-8.12989980936651
359,HAWK,Blackhawk Network Holdings Inc,17.4,-6.9,-5.9,264.5,11.5,23.0,13.08695698,264.5,4/19/13,9.24E+107,6.1,0.596357,340621.0,4/1/13,4/1/13,51982,100.384401,0.75,7.675765434,-0.103963948,20 - 22,Priced Above Range,3,26,109,1,2.4,-89.57,0,2014-04-21,367,success,-100.0,12.2021667196411
360,HBCP,Home Bancorp Inc,4.0,41.4,1.1,89.2688,0.0,10.0,14.89999962,0.0,10/3/08,4.37E+111,6.6,40.9799,3393800.0,10/1/08,10/1/08,50281,97.5475549,1.25,6.598053357,-1.010133328,10-Oct,Priced Within Range,3,20,195,1,9.61,-3.9,0,2009-10-05,367,success,2.41169138963987,16.2506519343475
361,HBIO,Harvard Bioscience Inc,16.4,-0.2,-2.3,51.3796,24.7824,8.0,31.25,198.26,12/7/00,416906105,0.0312818,77.0865,32112500.0,12/1/00,10/1/00,46777,99.18129543,6.0,3.947992115,-0.057438254,10-Sep,Priced Below Range,0,21,29,1,7.09,-11.39,0,2001-12-07,365,success,4.00131639747348,31.835286447861
362,HBT,HBT Financial Inc,4.4,35.2,1.3,150.877,27.4573,16.0,-2.875,421.24,10/11/19,404111106,1.5,27.4028,7879030.0,10/1/19,10/1/19,58017,99.278352,2.25,3.640738145,0.228619055,17 - 19,Priced Below Range,3,9,44,0,10.52,-34.24,0,2020-10-12,367,success,-50.2843345147456,-3.9688977608159
363,HCA,HCA Healthcare Inc,14.0,11.8,10.6,4353.9,534.135,30.0,3.400000095,16024.0,3/10/11,40412C101,27.7,101.041,285658000.0,3/1/11,1/1/11,50646,100.2953872,0.75,9.100787095,0.975107203,27 - 30,Priced Within Range,0,0,56,1,20.63,-31.25,0,2012-03-09,365,success,-35.6913231822933,5.28709533769184
364,HCAT,Health Catalyst Inc,28.1,-63.3,-21.0,209.3,36.1282,26.0,50.65384674,939.333,7/25/19,42225T107,-0.4,112.683,61695200.0,7/1/19,7/1/19,57845,99.35534623,3.0,3.786645109,0.167094162,24 - 25,Priced Above Range,1,5,22,1,35.98,38.38,1,2020-07-24,365,success,29.3127554267795,51.1800868772888
365,HCC,Warrior Met Coal Inc,35.3,14.2,41.4,316.667,53.5,19.0,-5.263157845,1016.5,4/13/17,93627C101,6.8,99.6075,51450800.0,4/1/17,4/1/17,55057,99.87725138,1.5,4.433586626,0.296553337,17 - 19,Priced Within Range,2,35,62,0,17.74,-6.62,0,2018-04-13,365,success,-21.0058840270973,-4.58168839971169
366,HCI,HCI Group Inc,31.4,0.4,-1.3,11.6669,6.8487,7.0,-12.85714245,47.9409,7/31/08,4.04E+107,11.9,72.9462,6387880.0,7/1/08,7/1/08,51523,99.74548384,2.25,5.879831975,0.525101113,7-May,Priced Within Range,3,18,25,0,4.12,-41.1,0,2009-07-31,365,success,-18.0421973325199,-11.5427664771781
367,HDP,Hortonworks Inc,41.9,-78.1,-64.1,115.0,42.555,16.0,64.875,680.88,12/12/14,440894103,-0.4,2.32403,1957700.0,12/1/14,10/1/14,53464,100.70291,0.75,5.685242715,-0.567010091,14-Dec,Priced Above Range,1,5,81,1,19.77,23.56,1,2015-12-14,367,success,21.0679020392981,66.4963587336402
368,HELIQ,CHC Group Ltd,-19.0,-31.8,-66.1,356.5,80.5814,10.0,-2.0,805.81,1/17/14,N.A.,-38.0,0.162343,4435.0,1/1/14,1/1/14,52266,100.6279112,0.75,6.630940345,0.372024767,14-Dec,Priced Below Range,8,54,166,0,60.3,503.01,1,2015-01-20,368,success,494.636143628477,-1.61048253462708
369,HLF,Herbalife Nutrition Ltd,4.7,7.7,10.9,233.45,65.9443,14.0,5.142857075,923.22,12/16/04,N.A.,4.3,119.354,116828000.0,12/1/04,10/1/04,49623,100.4972747,3.25,5.46561248,-0.366492147,14.50 - 16.50,Priced Below Range,0,13,199,1,6.66,-52.46,0,2005-12-16,365,success,-57.7973970530153,5.35103227822884
370,HLI,Houlihan Lokey Inc,48.8,19.2,15.2,253.575,12.0845,21.0,6.666666508,253.774,8/13/15,441593100,11.3,107.768,53723200.0,8/1/15,7/1/15,54081,99.81653966,0.75,5.149624756,-0.141627628,22 - 24,Priced Below Range,3,26,76,1,20.86,-0.65,0,2016-08-12,365,success,-5.07068464042413,6.79418770535934
371,HLNE,Hamilton Lane Inc,7.3,39.6,10.2,218.501,18.8518,16.0,12.625,301.629,3/1/17,407497106,4.6,107.704,40783300.0,3/1/17,1/1/17,54866,99.85631202,1.5,4.473768194,0.081279787,15 - 17,Priced Within Range,3,26,39,1,30.23,88.91,1,2018-03-01,365,success,74.3721916196537,11.2576145494617
372,HLT,Hilton Worldwide Holdings Inc,34.3,7.0,6.9,2705.74,984.615,20.0,7.5,19692.3,12/12/13,43300A203,0.3,118.341,320060000.0,12/1/13,10/1/13,52544,100.6417272,0.75,6.837206606,-0.00858115,18 - 21,Priced Within Range,5,11,125,1,50.23,151.15,1,2014-12-12,365,success,137.033412278231,7.87705620570672
373,HLYS,Heelys Inc,5.1,-17.4,-9.9,155.164,27.0289,21.0,55.23809433,567.61,12/8/06,42279M107,-0.3,0.00979288,2700.0,12/1/06,10/1/06,51455,101.3989179,6.25,4.52174096,0.148883375,16 - 18,Priced Above Range,5,25,147,1,6.69,-68.14,0,2007-12-10,367,success,-74.865590867524,55.0569001959314
374,HMST,HomeStreet Inc,-9.2,33.2,1.0,95.9264,3.5846,44.0,9.090909004,157.72,2/10/12,43785V102,8.2,90.0823,16865800.0,2/1/12,1/1/12,51559,99.86369756,0.75,8.372612628,0.440297355,43 - 45,Priced Within Range,3,9,70,1,24.39,-44.58,0,2013-02-11,367,success,-57.5670995242161,9.77953922977972
375,HOMB,Home BancShares Inc/AR,-3.1,44.8,1.2,51.75,14.6294,18.0,11.11111069,263.33,6/23/06,436893200,2.3,70.3661,143527000.0,6/1/06,4/1/06,51210,101.0698362,6.25,4.703669147,0.197530864,16 - 18,Priced Within Range,3,9,91,1,3.3,-81.67,0,2007-06-25,367,success,-100.0,11.1994196191261
376,HONE,HarborOne Bancorp Inc,-14.9,25.2,1.0,310.368,0.0,10.0,5.825999737,0.0,8/15/19,41165Y100,4.4,60.1959,29609500.0,8/1/19,7/1/19,57845,99.29377063,2.75,3.719931819,-0.005066824,10-Oct,Priced Within Range,3,9,10,1,8.1,-18.96,0,2020-08-14,365,success,-37.6687365383284,5.57957293426461
377,HOOK,Hookipa Pharma Inc,-5.8,-410.1,-44.6,84.0,21.5888,14.0,0.0,302.243,4/18/19,43906K100,-2.0,59.9808,31380200.0,4/1/19,4/1/19,57418,99.58445085,3.0,3.5977807,0.529500161,14 - 16,Priced Within Range,0,13,15,0,80.5,475.0,1,2020-04-17,365,success,478.630942845583,-0.157909223650665
378,HOUS,Anywhere Real Estate Inc,28.3,4.3,3.0,1242.0,130.153,27.0,26.66666603,3514.13,10/11/12,75605Y106,5.5,122.043,133613000.0,10/1/12,10/1/12,51634,99.71850812,0.75,8.014015423,-0.038892514,23 - 27,Priced Within Range,3,34,130,1,40.81,51.14,1,2013-10-11,365,success,32.2711806331901,26.6471270935176
379,HPP,Hudson Pacific Properties Inc,11.4,0.6,-0.4,250.24,24.828,17.0,2.352941275,422.08,6/24/10,444097109,2.0,110.607,155871000.0,6/1/10,4/1/10,50424,99.64372422,0.75,9.519523123,-0.097626708,17 - 19,Priced Within Range,3,3,157,1,10.15,-40.32,0,2011-06-24,365,success,-60.9805343432197,4.03329156845658
380,HQY,HealthEquity Inc,3.1,-5.8,-2.0,146.51,50.9611,14.0,25.7142849,713.46,7/31/14,42226A107,1.7,112.514,95108700.0,7/1/14,7/1/14,53340,100.8354317,0.75,6.275748001,-0.039019396,12-Oct,Priced Above Range,0,7,115,1,33.66,140.43,1,2015-07-31,365,success,131.215581174118,27.714208916911
381,HRI,Herc Holdings Inc,16.3,10.8,6.1,1323.53,320.619,15.0,130.0,4809.29,11/15/06,42704L104,25.1,112.439,32897600.0,11/1/06,10/1/06,51455,101.2916395,6.25,4.568466443,-0.148662042,16 - 18,Priced Below Range,0,7,18,1,50.51,236.72,1,2007-11-15,365,success,231.420586947902,129.759551609241
382,HRMY,Harmony Biosciences Holdings I,91.2,11.3,30.0,147.626,64.4805,24.0,54.20833206,1547.53,8/19/20,413197104,1.7,96.5024,57242900.0,8/1/20,7/1/20,56484,98.41453353,0.25,8.302616451,0.315321052,20 - 23,Priced Above Range,0,13,15,1,31.58,31.58,1,2021-08-19,365,success,-0.220819261158187,54.6487715832809
383,HRTG,Heritage Insurance Holdings In,6.4,-11.8,-8.4,75.9,30.0967,11.0,4.545454502,331.064,5/23/14,42727J102,2.1,47.6238,12323300.0,5/1/14,4/1/14,52840,100.7710708,0.75,6.397136369,0.349260984,14 - 16,Priced Below Range,3,18,25,1,17.75,61.33,1,2015-05-26,368,success,49.2128518631104,4.12061531962736
384,HRZN,Horizon Technology Finance Cor,30.3,46.2,3.2,100.0,7.555,16.0,-2.5625,120.88,10/29/10,44045A102,-3.7,10.4549,2760260.0,10/1/10,10/1/10,50859,99.75772772,0.75,9.681642739,0.124519889,18 - 19,Priced Below Range,3,24,37,0,3.33,-79.17,0,2011-10-31,367,success,-84.1342504186379,-2.51857131500273
385,HSTM,HealthStream Inc,4.8,2.2,1.9,45.0,18.9905,9.0,-5.555555344,170.915,4/10/00,42222N103,1.3,76.0145,23240000.0,4/1/00,4/1/00,46704,100.9656912,5.5,3.86810754,0.058411215,13-Nov,Priced Below Range,4,8,159,0,1.19,-86.83,0,2001-04-10,365,success,-61.8356554014201,-4.77143458110298
386,HTGC,Hercules Capital Inc,-2.1,61.9,1.5,78.0,9.80196,13.0,-0.307692319,127.43,6/9/05,427096508,1.1,26.4795,34462900.0,6/1/05,4/1/05,50204,100.2962748,4.25,5.089785897,0.051440329,14 - 16,Priced Below Range,3,41,201,0,1.65,-87.35,0,2006-06-09,365,success,-91.9481004319174,-0.831687210429624
387,HTH,Hilltop Holdings Inc,-13.2,20.4,0.8,480.704,40.1608,19.0,0.0,763.06,2/11/04,432748101,9.4,87.6,56582200.0,2/1/04,1/1/04,48633,100.9457332,2.0,5.666379165,0.539956803,19 - 21,Priced Within Range,3,9,44,0,10.63,-44.03,0,2005-02-10,365,success,-47.8770873596679,-1.06674324632663
388,HUBS,HubSpot Inc,47.3,-5.9,-5.2,143.75,31.1118,25.0,20.39999962,777.795,10/9/14,443573100,5.0,97.0351,47135900.0,10/1/14,10/1/14,53464,100.8195993,0.75,5.895838862,-0.251227781,22 - 24,Priced Above Range,1,5,81,1,48.56,94.24,1,2015-10-09,365,success,90.733120750972,22.4661411357819
389,HUN,Huntsman Corp,40.4,12.3,13.7,1593.01,220.455,23.0,6.521739006,5070.47,2/11/05,447011107,4.3,101.04,194098000.0,2/1/05,1/1/05,50068,100.4087346,3.5,5.435789926,0.576822234,21 - 23,Priced Within Range,6,14,133,1,10.7,-53.5,0,2006-02-13,367,success,-58.3519022336819,5.82917679426043
390,HURN,Huron Consulting Group Inc,6.4,6.8,7.9,89.125,17.036,15.5,21.93548393,264.06,10/13/04,447462102,0.8,117.591,23440000.0,10/1/04,10/1/04,49623,100.5370284,2.75,5.523151518,0.526592944,14 - 16,Priced Within Range,0,7,8,1,24.55,58.39,1,2005-10-13,365,success,51.7739239965751,22.6655294131541
391,IBKR,Interactive Brokers Group Inc,18.5,10.4,0.2,1200.4,40.2007,30.01,4.298566341,1206.42,5/4/07,45841N107,62.6,101.295,104204000.0,5/1/07,4/1/07,51705,101.897221,6.25,4.507395483,0.611071867,27 - 31,Priced Within Range,3,26,76,1,6.18,-79.4,0,2008-05-05,367,success,-73.0052902246426,4.08357689300371
392,IBP,Installed Building Products In,19.0,6.0,11.9,94.2425,30.6015,11.0,16.36363602,336.62,2/13/14,45780R101,4.7,96.1838,27511800.0,2/1/14,1/1/14,52266,100.6382872,0.75,6.7788573,0.369790865,14 - 16,Priced Below Range,5,51,131,1,17.04,54.94,1,2015-02-13,365,success,41.8950680260041,15.7826335276735
393,IBRX,ImmunityBio Inc,741.4,-37129.5,-140.8,238.28,0.0,25.0,38.56000137,0.0,7/28/15,45256X103,-0.7,75.4954,302211000.0,7/1/15,7/1/15,54081,99.98278579,0.75,5.338603251,0.006704716,20 - 23,Priced Above Range,0,21,29,1,6.89,-72.44,0,2016-07-27,365,success,-76.0339319240416,37.3213859279831
394,ICE,Intercontinental Exchange Inc,18.3,56.7,1.4,478.325,55.4668,26.0,50.96154022,1442.14,11/16/05,45866F104,5.5,97.6657,545513000.0,11/1/05,10/1/05,50629,100.7991232,5.0,5.136890026,-0.803212851,24 - 26,Priced Within Range,3,26,128,1,16.25,-37.52,0,2006-11-16,365,success,-50.6786013053707,50.7825383418949
395,ICFI,ICF International Inc,3.0,4.5,3.5,64.446,13.6466,12.0,2.083333254,163.76,9/28/06,44925C103,5.8,107.904,20333400.0,9/1/06,7/1/06,51155,101.105954,6.25,4.602876755,-0.490436488,14 - 16,Priced Below Range,0,7,8,1,26.28,119.04,1,2007-09-28,365,success,104.662311239161,1.91199880901286
396,ICHR,Ichor Holdings Ltd,19.9,6.4,7.6,52.9002,23.7278,9.0,8.555555344,213.55,12/9/16,N.A.,0.5,97.2332,28005600.0,12/1/16,10/1/16,54714,99.66849222,1.25,4.755102955,0.032732139,14-Dec,Priced Below Range,8,36,172,1,24.57,173.0,1,2017-12-11,367,success,156.295200941983,7.96165686032765
397,ICMB,Investcorp Credit Management B,-8.4,10.5,1.0,115.005,13.666,15.0,5.400000095,204.99,2/6/14,46090R104,1.4,52.9227,7614760.0,2/1/14,1/1/14,52266,100.6382872,0.75,6.7788573,0.369790865,15 - 15,Priced Within Range,3,24,37,1,2.82,-81.19,0,2015-02-06,365,success,-96.3064662736679,4.15602080625327
398,IDYA,Ideaya Biosciences Inc,43.0,-178.1,-13.0,57.5,20.2287,10.0,11.89999962,202.287,5/23/19,45166A102,-1.5,89.2681,42950000.0,5/1/19,4/1/19,57418,99.50838434,3.0,3.645931768,0.212875859,13 - 15,Priced Below Range,0,21,29,1,6.99,-30.1,0,2020-05-22,365,success,-35.3926086204313,13.0914146389484
399,IIIV,I3 Verticals Inc,43.1,-2.0,-1.9,99.4175,9.1092,13.0,41.15384674,118.42,6/21/18,46571Y107,2.2,120.657,26861900.0,6/1/18,4/1/18,56512,100.6340823,2.5,4.03458096,0.15938757,13-Nov,Priced Within Range,0,7,115,1,26.96,107.38,1,2019-06-21,365,success,99.9458995237188,41.7883977701846
400,IIPR,Innovative Industrial Properti,74.9,55.7,5.9,67.0,3.35,20.0,-4.25,67.0,12/1/16,45781V101,7.9,75.5049,21121000.0,12/1/16,10/1/16,54714,99.66849222,1.25,4.755102955,0.032732139,20 - 20,Priced Within Range,3,3,13,0,11.84,-40.79,0,2017-12-01,365,success,-60.6427655090112,-3.89844707852958
401,IKT,Inhibikase Therapeutics Inc,343.9,-476.8,-45.1,18.0,10.0508,10.0,-1.0,100.508,12/23/20,45719W106,-0.7,24.3494,6142640.0,12/1/20,10/1/20,57005,99.71018332,0.25,6.897872332,0.094147847,12-Oct,Priced Within Range,0,13,15,0,9.42,-5.8,0,2021-12-23,365,success,-31.7950506204724,-1.07458112507774
402,ILMN,Illumina Inc,39.7,16.8,-31.5,96.0,30.5411,16.0,144.8242188,488.658,7/28/00,452327109,3.6,101.66,159911000.0,7/1/00,7/1/00,46624,100.5207065,6.0,4.063214054,0.232018561,13 - 15,Priced Above Range,0,21,29,1,5.55,-65.31,0,2001-07-30,367,success,-50.0299460022965,146.875099727591
403,ILPT,Industrial Logistics Propertie,-13.6,54.4,-3.4,480.0,65.0,24.0,-2.708333254,1560.0,1/12/18,456237106,1.8,93.8183,61515300.0,1/1/18,1/1/18,56195,100.4818485,2.0,4.134060502,0.544774545,28 - 31,Priced Below Range,3,3,13,0,14.93,-37.78,0,2019-01-14,367,success,-30.9614925964077,-3.38329352954139
404,IMPV,Imperva Inc,21.6,7.1,-5.0,103.5,22.852,18.0,33.33333206,411.34,11/9/11,45321L100,1.9,0.99105,351196.0,11/1/11,10/1/11,51232,99.32940708,0.75,8.7267857,-0.084356133,14 - 16,Priced Above Range,4,8,204,1,30.59,69.94,1,2012-11-08,365,success,57.8653082012915,37.002846323074
405,INGN,Inogen Inc,16.0,-1.7,-10.1,81.1776,18.0489,16.0,-5.3125,288.78,2/14/14,45780L104,1.0,106.393,24386400.0,2/1/14,1/1/14,52266,100.6382872,0.75,6.7788573,0.369790865,16 - 18,Priced Within Range,0,22,61,0,33.45,109.06,1,2015-02-17,368,success,95.4710792100339,-5.79342168188332
406,INN,Summit Hotel Properties Inc,54.3,-18.1,-0.1,253.5,27.278,9.75,-0.615384638,265.96,2/9/11,866082100,0.6,109.513,117065000.0,2/1/11,1/1/11,50646,100.3052137,0.75,9.152159044,0.493136503,10.50 - 12.50,Priced Below Range,3,3,63,0,6.21,-36.26,0,2012-02-09,365,success,-38.2412582445746,-0.336808107470738
407,INSP,Inspire Medical Systems Inc,102.2,-18.0,-12.5,124.2,21.2532,16.0,56.125,340.051,5/3/18,457730109,-0.7,104.009,30050600.0,5/1/18,4/1/18,56512,100.6574226,2.25,3.818462099,0.415891693,14 - 16,Priced Within Range,0,22,61,1,51.92,224.5,1,2019-05-03,365,success,213.556289345722,56.3503674464476
408,INVA,Innoviva Inc,16.3,67.8,10.3,113.16,41.659,16.0,13.1875,666.54,10/5/04,45781M101,4.4,118.847,82935500.0,10/1/04,10/1/04,49623,100.5370284,2.75,5.523151518,0.526592944,13 - 15,Priced Above Range,0,21,29,1,15.95,-0.31,0,2005-10-05,365,success,-8.62482976015141,13.2482894829191
409,INVH,Invitation Homes Inc,9.5,13.0,1.9,1771.0,313.667,20.0,0.0,6273.34,2/1/17,46187W107,1.5,104.989,641910000.0,2/1/17,1/1/17,54866,99.82153744,1.25,4.66429894,0.314611739,18 - 21,Priced Within Range,3,3,3,0,17.99,-10.05,0,2018-02-01,365,success,-33.8652210449669,-0.0298363647374122
410,IPCC,Infinity Property and Casualty,-1.3,2.9,2.2,198.048,20.3471,16.0,-0.625,325.55,2/12/03,45665Q103,11.4,0.419594,45911.7,2/1/03,1/1/03,47027,97.98737308,2.25,5.957678775,0.770500826,16 - 17,Priced Within Range,3,18,25,0,27.07,69.19,1,2004-02-12,365,success,29.2647484713755,0.643695048868695
411,IPGP,IPG Photonics Corp,21.6,19.0,8.7,170.775,44.2303,16.5,55.15151596,729.8,12/12/06,44980X109,7.3,102.642,50001400.0,12/1/06,10/1/06,51455,101.3989179,6.25,4.52174096,0.148883375,13.50 - 15.50,Priced Above Range,1,4,4,1,20.02,21.33,1,2007-12-12,365,success,16.6479487774101,55.256253261078
412,IPI,Intrepid Potash Inc,37.2,92.4,41.3,1104.0,74.8431,32.0,57.5,2394.98,4/22/08,46121Y201,6.0,67.3741,9088060.0,4/1/08,4/1/08,51923,100.8199384,2.25,5.068677266,0.606477839,27 - 29,Priced Above Range,6,14,17,1,189.98,493.69,1,2009-04-22,365,success,533.193899131307,58.381023405804
413,IQV,IQVIA Holdings Inc,22.1,6.9,4.9,1089.47,128.915,40.0,5.275000095,5156.6,5/9/13,46266C105,15.3,95.1542,176739000.0,5/1/13,4/1/13,51982,100.4875479,0.75,7.705884828,0.178040777,36 - 40,Priced Within Range,0,0,0,1,47.54,18.85,1,2014-05-09,365,success,3.38651261804389,5.64371045750232
414,IR,Ingersoll Rand Inc,29.6,10.9,4.6,949.9,195.927,20.0,5.5,3918.54,5/12/17,45687V106,1.4,116.918,473431000.0,5/1/17,4/1/17,55057,99.9020738,1.5,4.399948582,0.085472183,23 - 26,Priced Below Range,8,36,206,1,30.98,54.89,1,2018-05-14,367,success,40.9968978369969,5.64784413421209
415,IRBT,iRobot Corp,9.4,1.9,-20.7,118.68,23.2857,24.0,11.25,558.86,11/9/05,462726100,-1.1,109.579,29971600.0,11/1/05,10/1/05,50629,100.7991232,5.0,5.136890026,-0.803212851,21 - 23,Priced Above Range,5,44,96,1,18.8,-21.67,0,2006-11-09,365,success,-34.957178045392,11.080947401712
416,IRMD,iRadimed Corp,31.8,22.3,16.5,14.49,10.7184,6.25,58.40000153,66.99,7/16/14,46266A109,0.9,50.1419,6301000.0,7/1/14,7/1/14,53340,100.8354317,0.75,6.275748001,-0.039019396,6-May,Priced Above Range,0,22,61,1,19.74,215.84,1,2015-07-16,365,success,209.411763375947,57.97989303662
417,IROQ,IF Bancorp Inc,-1.0,20.8,0.7,44.965,4.7702,10.0,16.70000076,47.7,7/8/11,44951J105,2.8,36.8197,1228900.0,7/1/11,7/1/11,50769,99.50703914,0.75,9.061306168,0.088604567,10-Oct,Priced Within Range,3,20,110,1,10.73,7.3,1,2012-07-09,367,success,5.53039841249477,17.3961124197355
418,IRT,Independence Realty Trust Inc,18.1,17.8,2.6,34.0,9.64354,8.5,-0.588235319,81.97,8/13/13,45378A106,0.4,91.3035,204588000.0,8/1/13,7/1/13,52284,100.641767,0.75,7.391202966,0.120293156,11-Oct,Priced Below Range,3,3,3,0,5.27,-38.03,0,2014-08-13,365,success,-52.3592254053964,-0.865840904213436
419,IRTC,iRhythm Technologies Inc,21.7,-31.4,-27.9,123.049,22.0672,17.0,53.23529434,375.142,10/20/16,450056106,-1.2,111.556,33590600.0,10/1/16,10/1/16,54714,99.43029734,1.0,4.98714224,0.124674851,13 - 15,Priced Above Range,0,22,61,1,52.99,211.71,1,2017-10-20,365,success,192.099853795144,53.3728667274265
420,IRWD,Ironwood Pharmaceuticals Inc,6.2,127.7,17.4,215.625,97.4129,11.25,3.555555582,1095.9,2/3/10,46333X108,1.6,141.976,217785000.0,2/1/10,1/1/10,50036,99.50065669,0.75,9.926923507,0.024920738,14 - 16,Priced Below Range,0,13,15,1,9.57,-14.91,0,2011-02-03,365,success,-32.1198243847652,4.10298672578538
421,ISRG,Intuitive Surgical Inc,31.0,29.8,10.5,45.0,37.4293,9.0,0.347222209,336.86,6/13/00,46120E602,5.8,90.1482,318570000.0,6/1/00,4/1/00,46704,100.6856604,6.0,4.016709703,0.524781341,10-Sep,Priced Within Range,0,22,78,1,2.51,-72.1,0,2001-06-13,365,success,-57.4651775755019,-1.27379722391839
422,ISSC,Innovative Solutions and Suppo,6.7,21.9,18.6,33.0,12.1216,11.0,10.79545498,133.34,8/4/00,45769N105,0.2,24.2515,4189740.0,8/1/00,7/1/00,46624,100.3264793,6.0,4.15367782,0.0,12-Oct,Priced Within Range,8,45,207,1,3.32,-69.84,0,2001-08-06,367,success,-53.2855479714959,10.0815433633513
423,ISTR,Investar Holding Corp,1.6,8.3,1.2,45.9942,7.2303,14.0,1.428571463,101.22,7/1/14,46134L105,3.2,62.0056,6132900.0,7/1/14,7/1/14,53340,100.8354317,0.75,6.275748001,-0.039019396,15 - 17,Priced Below Range,3,9,91,1,13.73,-1.89,0,2015-07-01,365,success,-6.16299927570894,0.760794409615678
424,ITGR,Integer Holdings Corp,13.7,7.9,2.8,80.0,28.5216,16.0,42.96875,456.35,9/29/00,45826H109,4.7,106.118,35158000.0,9/1/00,7/1/00,46624,100.100302,6.0,3.95818563,0.520833333,15 - 17,Priced Within Range,0,22,61,1,25.9,61.86,1,2001-10-01,367,success,87.2151996480693,44.4622820421537
425,IVTY,Invuity Inc,22.0,-100.7,-75.9,55.2,13.3011,12.0,24.33333397,152.413,6/15/15,46187J205,-2.2,0.128771,31000.0,6/1/15,4/1/15,54021,100.1249321,0.75,5.350969219,0.350287,14 - 16,Priced Below Range,0,22,61,1,7.72,-35.67,0,2016-06-14,365,success,-36.2284325873133,24.7955911821515
426,JAMF,Jamf Holding Corp,35.9,-20.5,-11.0,538.2,116.362,26.0,50.76922989,3025.41,7/22/20,47074L105,0.5,103.804,126005000.0,7/1/20,7/1/20,56484,97.81746245,0.25,9.875006693,0.50582435,21 - 23,Priced Above Range,1,5,5,1,31.74,22.08,1,2021-07-22,365,success,-9.88073383580851,50.1945216740422
427,JBLU,JetBlue Airways Corp,104.1,-3.0,-3.7,182.16,40.9455,27.0,66.66666412,1105.53,4/11/02,477143101,5.1,73.7898,238989000.0,4/1/02,4/1/02,46866,99.50925318,1.25,6.041734332,0.559284116,25 - 26,Priced Above Range,5,37,67,1,12.91,-52.2,0,2003-04-11,365,success,-31.7776010429364,69.0355930333714
428,JELD,JELD-WEN Holding Inc,12.6,3.5,1.4,661.25,104.882,23.0,13.56521702,2412.29,1/27/17,47580P103,1.8,107.599,90746400.0,1/1/17,1/1/17,54866,99.76074483,1.25,4.769484484,0.582772789,21 - 23,Priced Within Range,8,47,209,1,40.0,73.91,1,2018-01-29,367,success,50.1786867070727,13.6518634426152
429,JILL,J Jill Inc,37.1,-4.8,10.1,162.912,43.7479,13.0,-2.692307711,568.723,3/9/17,46620W201,6.0,72.4412,7351700.0,3/1/17,1/1/17,54866,99.85631202,1.5,4.473768194,0.081279787,14 - 16,Priced Below Range,5,17,23,0,31.68,143.66,1,2018-03-09,365,success,128.355568293656,-2.77229725877433
430,JUNO,Juno Therapeutics Inc,40.9,-390.7,-31.4,304.231,79.5924,24.0,45.83333206,1910.22,12/19/14,48205A109,-2.1,0.559031,649065.0,12/1/14,10/1/14,53464,100.70291,0.75,5.685242715,-0.567010091,21 - 23,Priced Above Range,0,21,29,1,44.75,86.46,1,2015-12-21,367,success,87.8489304499144,45.3763271604303
431,JYNT,Joint Corp/The,37.7,8.1,0.3,22.425,9.6216,6.5,1.230769277,59.6154,11/11/14,47973J102,1.0,110.683,16081900.0,11/1/14,10/1/14,53464,100.7732648,0.75,5.911112923,-0.539941794,7-Jun,Priced Within Range,0,0,35,1,6.61,1.69,1,2015-11-11,365,success,-0.217163033913761,1.1610998534214
432,KAR,KAR Auction Services Inc,2.9,2.9,3.3,331.873,27.656,12.0,0.25,331.87,12/11/09,48238T109,3.3,127.55,138912000.0,12/1/09,10/1/09,49886,98.94790322,0.5,10.0976818,-0.176119817,15 - 17,Priced Below Range,5,58,197,1,3.94,-67.2,0,2010-12-13,367,success,-78.6415056000839,-0.118309347157814
433,KBNT,Kubient Inc,-5.6,-375.9,-62.5,14.375,0.0,5.0,-17.0,0.0,8/12/20,50116V107,-0.5,20.3646,2933010.0,8/1/20,7/1/20,56484,98.41453353,0.25,8.302616451,0.315321052,7-May,Priced Within Range,1,5,5,0,4.58,-8.4,0,2021-08-12,365,success,-39.6511979935162,-18.3996549716919
434,KBR,KBR Inc,27.2,0.2,2.9,544.272,167.643,17.0,22.05882263,2849.93,11/16/06,48242W106,1.9,111.297,152696000.0,11/1/06,10/1/06,51455,101.2916395,6.25,4.568466443,-0.148662042,15 - 17,Priced Within Range,1,1,31,1,29.15,71.48,1,2007-11-16,365,success,67.808655367144,21.830401274583
435,KERX,Keryx Biopharmaceuticals Inc,89.6,-269.5,-55.8,46.0,18.8233,10.0,0.625,188.23,7/28/00,492515101,-0.8,0.893246,1075250.0,7/1/00,7/1/00,46624,100.5207065,6.0,4.063214054,0.232018561,12-Oct,Priced Within Range,0,13,15,1,8.85,-11.5,0,2001-07-30,367,success,3.78005399770348,2.67588092759096
436,KEYW,KeyW Holding Corp/The,14.7,-4.4,-3.3,104.65,25.152,10.0,13.80000019,251.52,10/1/10,493723100,0.2,0.418069,209751.0,10/1/10,10/1/10,50859,99.75772772,0.75,9.681642739,0.124519889,12-Oct,Priced Within Range,1,1,31,1,6.9,-31.0,0,2011-10-03,367,success,-31.4205113276496,13.3583563750328
437,KIDS,OrthoPediatrics Corp,37.9,-16.5,2.5,59.8,12.6444,13.0,47.84615326,164.377,10/12/17,68752L100,-0.6,97.1511,22239300.0,10/1/17,10/1/17,55877,100.2302312,1.75,4.165125132,-0.06320421,14-Dec,Priced Within Range,0,22,61,1,31.49,142.23,1,2018-10-12,365,success,133.027473617162,48.0148285318675
438,KLDO,Kaleido Biosciences Inc,13.2,-8178.2,-164.9,75.0,29.6329,15.0,-5.133333206,444.493,2/28/19,483347100,-1.8,46.561,19845500.0,2/1/19,1/1/19,57100,99.72456638,3.0,3.848682249,0.422705314,20 - 22,Priced Below Range,0,21,29,0,5.97,-60.2,0,2020-02-28,365,success,-72.119594043863,-4.85078235938941
439,KMI,Kinder Morgan Inc,41.9,10.7,3.6,3293.59,707.0,30.0,3.5,21210.0,2/11/11,49456B101,2.5,65.7321,1477490000.0,2/1/11,1/1/11,50646,100.3052137,0.75,9.152159044,0.493136503,26 - 29,Priced Above Range,2,2,2,1,16.75,-44.15,0,2012-02-13,367,success,-45.8653764878539,2.94926286037683
440,KNSL,Kinsale Capital Group Inc,39.1,23.8,6.4,105.6,20.9688,16.0,14.6875,335.501,7/28/16,49714P108,17.9,93.9399,21681600.0,7/1/16,7/1/16,54549,99.20439166,1.0,4.892736309,-0.16181364,14 - 16,Priced Within Range,3,18,25,1,37.83,136.43,1,2017-07-28,365,success,122.247442345728,14.526879073253
441,KNX,Knight-Swift Transportation Ho,28.3,12.3,8.3,872.85,139.467,11.0,0.909090936,1534.14,12/16/10,499049104,7.1,97.5961,156833000.0,12/1/10,10/1/10,50859,100.0833654,0.75,9.571029496,0.171844079,13 - 15,Priced Below Range,8,54,212,1,12.71,15.51,1,2011-12-16,365,success,16.8890674060001,0.290581417634849
442,KOP,Koppers Holdings Inc,0.5,5.0,4.3,161.0,20.7142,14.0,12.5,290.0,2/1/06,50060P106,4.8,97.2741,20328400.0,2/1/06,1/1/06,51200,101.1704712,5.5,4.870275357,0.201714574,14 - 16,Priced Within Range,6,14,133,1,19.72,40.86,1,2007-02-01,365,success,28.7130298225817,12.3140737233761
443,KOS,Kosmos Energy Ltd,38.2,-7.0,9.6,621.328,375.69,18.0,1.333333373,6762.42,5/11/11,500688106,0.9,103.082,469945000.0,5/1/11,4/1/11,50897,100.0117096,0.75,9.203184599,0.470418753,16 - 18,Priced Within Range,2,28,43,1,10.66,-40.75,0,2012-05-10,365,success,-42.3624236788766,2.44448295169441
444,KREF,KKR Real Estate Finance Trust,8.0,46.9,0.8,241.644,53.7118,20.5,7.951219559,1101.09,5/5/17,48251K100,2.2,85.7359,59239200.0,5/1/17,4/1/17,55057,99.9020738,1.5,4.399948582,0.085472183,20.50 - 21.50,Priced Within Range,3,3,6,1,9.26,-54.81,0,2018-05-07,367,success,-64.4145053851032,7.54235004050983
445,KRG,Kite Realty Group Trust,40.0,-21.6,-2.1,237.9,17.1483,13.0,0.0,222.93,8/11/04,49803T300,0.9,106.056,232368000.0,8/1/04,7/1/04,49243,100.6961111,2.5,5.45422641,0.05279831,14 - 16,Priced Below Range,3,3,120,0,19.92,53.25,1,2005-08-11,365,success,39.5540220992416,0.301193642731912
446,KRNY,Kearny Financial Corp/MD,-7.3,32.0,0.8,717.5,0.0,10.0,5.694001675,0.0,5/19/15,48716P108,1.1,77.0516,52062000.0,5/1/15,4/1/15,54021,100.231857,0.75,5.674303505,0.509723203,10-Oct,Priced Within Range,3,9,10,1,9.18,-8.21,0,2016-05-18,365,success,-5.33523257225995,5.75833912716633
447,KRP,Kimbell Royalty Partners LP,49.8,25.0,15.5,90.0,16.3327,18.0,14.66666698,293.989,2/3/17,49435R102,2.2,38.0697,24110200.0,2/1/17,1/1/17,54866,99.82153744,1.25,4.66429894,0.314611739,19 - 21,Priced Below Range,2,28,123,1,8.29,-53.92,0,2018-02-05,367,success,-76.7525720072693,13.9401911798354
448,KRUS,Kura Sushi USA Inc,43.6,-15.8,-2.1,46.69,7.335,14.0,40.07143021,102.69,8/1/19,501270102,2.4,66.076,5807330.0,8/1/19,7/1/19,57845,99.29377063,2.75,3.719931819,-0.005066824,14 - 16,Priced Within Range,5,17,33,1,10.39,-25.79,0,2020-07-31,365,success,-36.1124541201043,40.971309589571
449,KTWO,K2M Group Holdings Inc,9.0,-14.4,-11.6,147.375,37.0859,15.0,0.0,556.29,5/8/14,48273J107,-0.3,2.80751,1227920.0,5/1/14,4/1/14,52840,100.7710708,0.75,6.397136369,0.349260984,16 - 18,Priced Below Range,0,22,61,0,22.58,50.53,1,2015-05-08,365,success,39.6259359545968,0.137362491604842
450,KYMR,Kymera Therapeutics Inc,114.0,-137.6,-24.0,199.75,44.5295,20.0,66.30000305,890.59,8/21/20,501575104,-2.6,101.354,55607500.0,8/1/20,7/1/20,56484,98.41453353,0.25,8.302616451,0.315321052,16 - 18,Priced Above Range,0,21,29,1,55.31,176.55,1,2021-08-23,367,success,146.859319574945,65.9558923557297
451,LAB,Standard BioTools Inc,-5.4,-45.3,-51.2,86.2938,19.4234,13.5,3.85185194,262.22,2/10/11,34385P108,-0.5,77.5538,61497400.0,2/1/11,1/1/11,50646,100.3052137,0.75,9.152159044,0.493136503,13.50 - 15.50,Priced Within Range,8,31,213,1,14.5,7.41,1,2012-02-10,365,success,5.28498270584469,3.77690266404363
452,LADR,Ladder Capital Corp,-5.7,15.8,1.9,259.038,50.6015,17.0,-0.05882353,860.23,2/6/14,505743104,0.6,62.7404,79407000.0,2/1/14,1/1/14,52266,100.6382872,0.75,6.7788573,0.369790865,16 - 18,Priced Within Range,3,3,6,0,7.15,-57.95,0,2015-02-06,365,success,-73.0664662736679,-1.30280281874673
453,LAND,Gladstone Land Corp,32.0,4.6,0.4,56.7035,6.5302,15.0,0.0,97.95,1/29/13,376549101,1.0,48.1787,16719900.0,1/1/13,1/1/13,51998,100.0401909,0.75,8.002806341,0.295730419,15 - 15,Priced Within Range,3,3,50,0,8.47,-43.53,0,2014-01-29,365,success,-61.6831262714919,-0.510599509677268
454,LASR,nLight Inc,21.2,-10.9,-11.1,110.4,34.5212,16.0,68.4375,552.339,4/26/18,65487K100,-0.1,94.9685,43027500.0,4/1/18,4/1/18,56512,100.6581149,2.25,4.024101718,0.397509156,13 - 15,Priced Above Range,8,52,214,1,26.02,62.63,1,2019-04-26,365,success,52.9098718105816,67.3940795247953
455,LAUR,Laureate Education Inc,6.0,17.7,1.8,490.0,35.0,14.0,-5.357142925,490.0,2/1/17,518613203,-0.8,94.3077,155277000.0,2/1/17,1/1/17,54866,99.82153744,1.25,4.66429894,0.314611739,17 - 20,Priced Below Range,0,7,79,0,6.63,-52.61,0,2018-02-01,365,success,-76.4252210449668,-5.38697928973741
456,LAZ,Lazard Ltd,23.6,16.1,8.1,854.58,37.5,25.0,-4.0,937.5,5/5/05,N.A.,8.1,71.9592,81145600.0,5/1/05,4/1/05,50204,100.2702497,4.0,5.200249935,-0.102774923,25 - 27,Priced Within Range,3,26,76,0,21.0,-16.0,0,2006-05-05,365,success,-27.5543683363279,-3.74311921589345
457,LBRT,Liberty Energy Inc,155.8,-7.2,8.5,248.894,70.8848,17.0,27.94117737,1205.04,1/12/18,53115L104,0.7,99.3812,181032000.0,1/1/18,1/1/18,56195,100.4818485,2.0,4.134060502,0.544774545,14 - 16,Priced Above Range,2,29,46,1,12.39,-27.12,0,2019-01-14,367,success,-20.3014925964077,27.2662170944586
458,LC,LendingClub Corp,91.8,2.0,5.1,1000.5,369.812,15.0,56.20000076,5547.18,12/11/14,52603A208,2.4,83.4935,87742300.0,12/1/14,10/1/14,53464,100.70291,0.75,5.685242715,-0.567010091,14-Dec,Priced Above Range,3,26,152,1,68.25,355.0,1,2015-12-11,365,success,354.396164785775,55.7464318589386
459,LDOS,Leidos Holdings Inc,11.7,5.4,5.1,1293.75,86.25,15.0,21.20000076,1293.75,10/13/06,525327102,7.3,87.772,119975000.0,10/1/06,10/1/06,51455,101.1917389,6.25,4.45357667,-0.542138985,13 - 15,Priced Within Range,1,1,31,1,23.98,59.86,1,2007-10-15,367,success,45.4943598718324,20.9952768333123
460,LEGH,Legacy Housing Corp,11.7,25.2,15.7,55.2,24.6,12.0,0.25,295.2,12/14/18,52472M101,2.4,24.387,5951900.0,12/1/18,10/1/18,56851,99.94885468,3.0,3.955038353,-0.319396282,10.75 - 12.75,Priced Within Range,3,34,59,1,14.77,23.08,1,2019-12-16,367,success,1.20957450272089,2.15867095971455
461,LEGN,Legend Biotech Corp,18.6,-430.1,-41.7,487.342,21.1888,23.0,60.86956406,487.342,6/5/20,52490G102,-0.7,40.2116,65984000.0,6/1/20,4/1/20,52394,96.38894556,0.25,10.71621054,0.547204693,18 - 20,Priced Above Range,0,21,29,1,38.74,68.43,1,2021-06-07,367,success,37.1544182788165,58.2483989779476
462,LEVI,Levi Strauss & Co,29.4,9.6,9.6,716.834,42.1667,17.0,31.8235302,716.834,3/21/19,52736R102,1.8,93.0007,90012900.0,3/1/19,1/1/19,57100,99.65446855,3.0,3.861910727,0.564135836,14 - 16,Priced Above Range,5,25,38,1,10.14,-40.33,0,2020-03-20,365,success,-24.3300348974402,30.738282071588
463,LFT,Lument Finance Trust Inc,11.3,29.0,1.1,60.4995,7.38925,15.0,-3.333333254,110.84,3/22/13,55025L108,0.5,21.784,11378100.0,3/1/13,1/1/13,51998,100.2801151,0.75,7.574579728,0.261450858,15 - 15,Priced Within Range,3,3,6,0,2.21,-85.3,0,2014-03-24,367,success,-100.0,-4.0507589008147
464,LGIH,LGI Homes Inc,28.8,14.0,15.3,99.0,19.4134,11.0,17.27272797,213.55,11/7/13,50187T106,0.8,96.7592,22535500.0,11/1/13,10/1/13,52544,100.6507643,0.75,7.112790148,-0.204242419,13 - 15,Priced Below Range,5,51,131,1,19.45,76.82,1,2014-11-07,365,success,60.9988101649592,18.591005177543
465,LINC,Lincoln Educational Services C,14.4,10.3,10.2,83.5485,24.711,20.0,0.850000024,494.22,6/22/05,533535100,1.0,81.962,21519600.0,6/1/05,4/1/05,50204,100.2962748,4.25,5.089785897,0.051440329,19 - 21,Priced Within Range,0,7,79,1,12.68,-36.6,0,2006-06-22,365,success,-38.7616625936598,0.827750701455091
466,LIQDQ,Liquid Holdings Group Inc,106.1,-971.4,-61.6,28.575,24.4581,9.0,-15.11111069,220.12,7/26/13,53633A101,-0.6,1.54057,929462.0,7/1/13,7/1/13,52284,100.6172944,0.75,7.464771304,0.039399753,11-Sep,Priced Within Range,1,5,81,0,1.8,-80.0,0,2014-07-28,367,success,-97.5172140688599,-15.1939400939343
467,LKQ,LKQ Corp,12.5,8.3,9.8,104.65,19.1199,13.0,15.38461494,248.56,10/3/03,501889208,4.6,113.68,303724000.0,10/1/03,10/1/03,48450,99.97283644,2.0,6.061424767,-0.107991361,13-Nov,Priced Within Range,5,58,197,1,2.04,-84.3,0,2004-10-04,367,success,-94.1703720317415,14.4426810720676
468,LMAT,LeMaitre Vascular Inc,19.3,17.4,7.1,38.5,15.2721,7.0,-11.4285717,106.9,10/19/06,525558201,1.6,94.5968,20812100.0,10/1/06,10/1/06,51455,101.1917389,6.25,4.45357667,-0.542138985,10-Aug,Priced Below Range,0,22,61,0,6.02,-14.07,0,2007-10-19,365,success,-26.7345988133664,-11.5134971618822
469,LMND,Lemonade Inc,36.0,-187.9,-18.8,366.85,56.5462,29.0,139.3448334,1639.84,7/2/20,52567D107,-2.3,35.9863,24889500.0,7/1/20,7/1/20,56484,97.81746245,0.25,9.875006693,0.50582435,26 - 28,Priced Above Range,3,18,25,1,107.65,271.21,1,2021-07-02,365,success,233.910119607605,138.890708294441
470,LMPX,LMP Automotive Holdings Inc,180.3,-15.8,-7.9,13.225,8.6466,5.0,7.199999809,43.233,12/5/19,53952P101,-0.6,0.429581,46862.0,12/1/19,10/1/19,58017,99.28850897,2.25,3.589843424,-0.090976953,6-May,Priced Within Range,5,17,51,1,0.01,-99.76,0,2020-12-04,365,success,-100.0,7.04997468708256
471,LNTH,Lantheus Holdings Inc,25.2,-16.7,11.0,73.539,27.8453,6.0,12.83333302,167.072,6/25/15,516544103,0.8,107.712,74140100.0,6/1/15,4/1/15,54021,100.1249321,0.75,5.350969219,0.350287,8.50 - 10.50,Priced Below Range,0,22,215,1,2.76,-54.0,0,2016-06-24,365,success,-53.1980199149111,13.1306904248915
472,LOB,Live Oak Bancshares Inc,39.2,36.5,2.3,93.5,34.1549,17.0,12.17647076,580.633,7/23/15,53803X105,-2.7,73.2272,32208500.0,7/1/15,7/1/15,54081,99.98278579,0.75,5.338603251,0.006704716,16 - 18,Priced Within Range,3,9,91,1,13.5,-20.59,0,2016-07-22,365,success,-23.9613160956111,12.7440747879191
473,LOCO,El Pollo Loco Holdings Inc,6.6,6.4,3.3,123.215,36.9298,15.0,60.20000076,553.95,7/25/14,268603107,1.4,94.5303,35022700.0,7/1/14,7/1/14,53340,100.8354317,0.75,6.275748001,-0.039019396,13 - 15,Priced Within Range,5,17,33,1,15.75,5.03,1,2015-07-27,367,success,-1.22827401396186,60.6849158042652
474,LOPE,Grand Canyon Education Inc,6.2,29.0,16.1,144.9,45.3065,12.0,-1.25,543.68,11/20/08,38526M106,7.1,118.878,37027000.0,11/1/08,10/1/08,50281,96.75816514,1.25,6.9108874,-1.915289533,14-Dec,Priced Within Range,0,7,79,0,19.54,62.83,1,2009-11-20,365,success,15.3365061054495,5.46229308341364
475,LOVE,Lovesac Co/The,55.3,9.2,13.5,64.4,13.4519,16.0,49.9375,215.23,6/27/18,54738L109,2.2,98.7053,14987800.0,6/1/18,4/1/18,56512,100.6340823,2.5,4.03458096,0.15938757,13 - 15,Priced Above Range,5,44,148,1,28.94,80.88,1,2019-06-27,365,success,72.9474257108896,50.797935520787
476,LPG,Dorian LPG Ltd,-56.6,26.2,6.4,139.665,57.1285,19.0,-1.894736886,1085.44,5/8/14,N.A.,2.9,67.4494,27216200.0,5/1/14,4/1/14,52840,100.7710708,0.75,6.397136369,0.349260984,18 - 20,Priced Within Range,8,54,168,0,6.36,-66.54,0,2015-05-08,365,success,-77.4440640454033,-1.75737439439516
477,LPLA,LPL Financial Holdings Inc,31.4,5.9,7.3,516.696,107.184,30.0,7.166666508,3215.52,11/18/10,50212V100,5.6,114.618,91236400.0,11/1/10,10/1/10,50859,99.91560898,0.75,9.89147006,0.042064642,27 - 30,Priced Within Range,3,26,39,1,22.03,-26.57,0,2011-11-18,365,success,-31.6774314161048,5.63093520855331
478,LPSN,LivePerson Inc,28.1,-26.6,-21.6,32.0,29.3399,8.0,18.75,234.72,4/7/00,538146101,0.0466482,96.8037,72920300.0,4/1/00,4/1/00,46704,100.9656912,5.5,3.86810754,0.058411215,10-Oct,Priced Below Range,1,5,81,1,0.41,-94.88,0,2001-04-09,367,success,-70.8149727453684,17.7502257756455
479,LQ,La Quinta Holdings Inc,-2.5,15.5,4.6,747.787,123.66,17.0,0.705882371,2102.22,4/9/14,50420D108,3.1,0.272246,159599.0,4/1/14,4/1/14,52840,100.7244786,0.75,6.336592395,0.329675445,18 - 21,Priced Below Range,5,11,125,1,23.17,36.29,1,2015-04-09,365,success,25.0880940961355,-0.385938911630856
480,LQDA,Liquidia Corp,1637.8,-269.0,-36.3,53.1641,15.4024,11.0,0.909090936,169.426,7/26/18,53635D202,-0.6,50.4493,32537300.0,7/1/18,7/1/18,56831,100.5899154,2.5,3.862981324,0.006746326,12-Oct,Priced Within Range,0,21,29,1,7.36,-33.09,0,2019-07-26,365,success,-38.948449322505,1.21232054011388
481,LQDT,Liquidity Services Inc,25.0,19.7,24.8,88.4046,27.3296,10.0,22.89999962,273.3,2/23/06,53635B107,1.9,69.4165,24701500.0,2/1/06,1/1/06,51200,101.1704712,5.5,4.870275357,0.201714574,11-Sep,Priced Within Range,4,8,138,1,19.36,93.6,1,2007-02-23,365,success,80.5085828516802,23.2775132030408
482,LQMT,Liquidmetal Technologies Inc,-18.0,-416.4,-9.3,78.4351,40.7642,15.0,0.200000003,611.46,5/22/02,53634X100,-0.0029854,1.57518,14448900.0,5/1/02,4/1/02,46866,99.45832738,1.25,5.85679877,0.0,15 - 17,Priced Within Range,6,56,216,1,6.96,-53.6,0,2003-05-22,365,success,-38.2881239353212,-0.368583077672935
483,LRN,Stride Inc,9.7,6.3,5.6,124.2,27.2082,18.0,36.38888931,489.75,12/13/07,86333M108,4.9,120.008,51641300.0,12/1/07,10/1/07,52066,101.4058565,4.75,5.050630757,-0.067086313,16 - 18,Priced Within Range,0,7,79,1,18.25,1.39,1,2008-12-12,365,success,40.9738532623061,36.266456894766
484,LSF,Laird Superfood Inc,41.5,-64.8,-48.9,67.045,8.7735,22.0,85.45454407,193.017,9/23/20,50736T102,-2.4,10.933,1008310.0,9/1/20,7/1/20,56484,98.66695103,0.25,8.083785823,0.139274694,21 - 22,Priced Within Range,0,10,53,1,19.08,-13.27,0,2021-09-23,365,success,-47.7864553316991,87.8266895649508
485,LTRX,Lantronix Inc,81.3,-4.1,-5.1,60.0,38.7744,10.0,-20.0,387.744,8/4/00,516548203,-0.2,41.9954,15219100.0,8/1/00,7/1/00,46624,100.3264793,6.0,4.15367782,0.0,14 - 16,Priced Below Range,4,23,77,0,48.6,386.0,1,2001-08-06,367,success,402.554452028504,-20.7139116166487
486,LUNA,Luna Innovations Inc,48.0,1.5,6.7,21.0,9.9863,6.0,0.0,59.92,6/2/06,550351100,0.1,52.8146,17408600.0,6/1/06,4/1/06,51210,101.0698362,6.25,4.703669147,0.197530864,8-Jun,Priced Within Range,4,23,217,0,3.84,-36.0,0,2007-06-04,367,success,-55.2606853321326,-0.195223656667309
487,LUNG,Pulmonx Corp,47.9,-100.5,-23.2,218.5,35.4254,19.0,106.8947372,673.083,10/1/20,745848101,-1.1,106.398,39802800.0,10/1/20,10/1/20,57005,98.98453016,0.25,7.145794405,0.041493776,17 - 18,Priced Above Range,0,22,78,1,38.0,100.0,1,2021-10-01,365,success,71.0524166523993,106.36544641796
488,LVO,LiveOne Inc,79.3,-37.5,-41.8,21.8408,50.1109,4.0,0.0,200.444,12/22/17,53814X102,-0.1,24.137,21134200.0,12/1/17,10/1/17,55877,100.3962325,2.0,4.150219646,-0.058783228,14-Dec,Priced Below Range,4,8,159,0,43.8,995.0,1,2018-12-24,367,success,1004.9398496744,0.0458166473157662
489,LVS,Las Vegas Sands Corp,44.0,-22.7,9.0,794.048,350.589,29.0,60.55172348,10167.1,12/15/04,517834107,-0.3,42.7873,326966000.0,12/1/04,10/1/04,49623,100.4972747,3.25,5.46561248,-0.366492147,24 - 26,Priced Above Range,5,11,12,1,24.85,-14.32,0,2005-12-15,365,success,-18.8575447297787,60.3572740134743
490,LXRX,Lexicon Pharmaceuticals Inc,-98.7,-29448.9,-68.1,220.0,47.5151,22.0,-14.77272701,1045.33,4/7/00,528872302,-0.6,82.6736,156026000.0,4/1/00,4/1/00,46704,100.9656912,5.5,3.86810754,0.058411215,22 - 24,Priced Within Range,0,21,29,0,46.2,110.0,1,2001-04-09,367,success,134.065027254632,-15.7725012343545
491,LYFT,Lyft Inc,35.6,-31.4,-26.6,2340.0,273.098,72.0,8.736110687,19663.0,3/29/19,55087P104,-0.3,85.9084,302683000.0,3/1/19,1/1/19,57100,99.65446855,3.0,3.861910727,0.564135836,70 - 72,Priced Within Range,4,8,9,1,26.92,-62.61,0,2020-03-30,367,success,-55.4010724998325,8.06268268294654
492,MA,Mastercard Inc,23.4,46.0,26.8,2579.26,75.0178,39.0,17.94871712,2925.69,5/24/06,57636Q104,9.5,92.9184,886258000.0,5/1/06,4/1/06,51210,101.1215791,6.0,4.71660949,0.496277916,40 - 43,Priced Below Range,3,26,109,1,12.67,-67.5,0,2007-05-24,365,success,-88.4531527300589,17.7903515507819
493,MAIN,Main Street Capital Corp,29.8,114.4,7.4,64.5,8.82673,15.0,0.0,132.4,10/5/07,56035L104,-7.4,20.4997,15836800.0,10/1/07,10/1/07,52066,101.6347884,5.0,4.768472729,0.213919133,15 - 15,Priced Within Range,3,24,37,0,2.94,-80.4,0,2008-10-06,367,success,-51.9387267074883,-0.956029162132821
494,MASI,Masimo Corp,8.3,18.5,8.2,232.97,54.6043,17.0,22.94117737,928.27,8/8/07,574795100,4.8,98.9578,52016800.0,8/1/07,7/1/07,51882,101.8469871,5.75,4.675485691,-0.183390223,16 - 18,Priced Within Range,0,22,61,1,34.72,104.23,1,2008-08-07,365,success,118.427756674153,21.5339931869985
495,MASS,908 Devices Inc,56.9,-52.5,-12.6,149.5,27.1758,20.0,145.0,543.516,12/18/20,65443P102,-1.0,91.4655,29004900.0,12/1/20,10/1/20,57005,99.71018332,0.25,6.897872332,0.094147847,18 - 19,Priced Above Range,8,32,55,1,25.56,27.8,1,2021-12-20,367,success,1.93982189197321,145.351111841305
496,MAX,MediaAlpha Inc,10.3,-0.8,-12.7,202.113,33.2056,19.0,67.68421173,630.906,10/28/20,58450V104,0.7,63.286,27282600.0,10/1/20,10/1/20,57005,98.98453016,0.25,7.145794405,0.041493776,18 - 20,Priced Within Range,4,8,9,1,17.25,-9.21,0,2021-10-28,365,success,-49.0677817519633,71.212999625041
497,MBIN,Merchants Bancorp/IN,14.3,52.1,1.9,115.0,28.6852,16.0,5.0,458.963,10/27/17,58844R108,-1.1,24.7357,10663400.0,10/1/17,10/1/17,55877,100.2302312,1.75,4.165125132,-0.06320421,17 - 19,Priced Below Range,3,9,44,1,13.59,-15.08,0,2018-10-29,367,success,-19.9035807909109,4.19269775069692
498,MBUU,Malibu Boats Inc,31.1,12.9,20.8,100.0,10.1556,14.0,26.7857151,142.18,1/31/14,56117J100,7.9,114.903,23377400.0,1/1/14,1/1/14,52266,100.6279112,0.75,6.630940345,0.372024767,13 - 15,Priced Within Range,5,12,156,1,22.0,57.14,1,2015-02-02,367,success,43.7516135200999,27.4322450316936
499,MC,Moelis & Co,63.3,23.7,17.7,186.875,15.2637,25.0,4.599999905,381.59,4/16/14,60786M105,14.8,104.175,66636400.0,4/1/14,4/1/14,52840,100.7244786,0.75,6.336592395,0.329675445,26 - 29,Priced Below Range,3,26,76,1,13.71,-45.16,0,2015-04-16,365,success,-58.279180816281,3.55115080138684
500,MCB,Metropolitan Bank Holding Corp,23.0,33.5,1.3,124.775,8.198,35.0,6.314285755,286.93,11/8/17,591774104,3.8,86.8381,9492880.0,11/1/17,10/1/17,55877,100.3158857,1.75,4.25663681,0.002432469,31 - 34,Priced Above Range,3,9,10,1,39.42,12.63,1,2018-11-08,365,success,6.4215773609165,6.16992026406065
501,MCBS,Metrocity Bankshares Inc,35.9,44.7,2.2,29.2073,25.5299,13.5,-100.0,344.654,10/3/19,59165J105,2.5,18.2205,4611390.0,10/1/19,10/1/19,58017,99.278352,2.25,3.640738145,0.228619055,14.50 - 16.50,Priced Below Range,3,9,91,0,11.59,-14.15,0,2020-10-02,365,success,-29.6920007072057,-100.0
502,MCFT,MasterCraft Boat Holdings Inc,34.6,8.2,20.3,104.731,17.2104,15.0,6.133333206,258.156,7/17/15,57637H103,3.9,105.053,18704000.0,7/1/15,7/1/15,54081,99.98278579,0.75,5.338603251,0.006704716,13 - 15,Priced Within Range,5,12,156,1,11.28,-24.8,0,2016-07-18,367,success,-26.5450113261841,6.02271488379076
503,MCHX,Marchex Inc,4.4,-8.2,-10.3,29.9,12.2916,6.5,36.61538315,79.9,3/31/04,56624R108,-0.1,68.7835,26001600.0,3/1/04,1/1/04,48633,101.0054486,2.0,5.860438928,0.644468314,7-Jun,Priced Within Range,4,19,26,1,13.8,112.37,1,2005-03-31,365,success,107.468598404246,36.6854842147737
504,MDB,MongoDB Inc,48.0,-35.1,-15.2,220.8,9.2682,24.0,33.625,1204.04,10/19/17,60937P106,0.1,103.028,70787800.0,10/1/17,10/1/17,55877,100.2302312,1.75,4.165125132,-0.06320421,20 - 22,Priced Above Range,1,5,82,1,65.04,171.0,1,2018-10-19,365,success,161.355183109634,33.5922002062766
505,MDLM,Medley Management Inc,-31.9,-8.0,-6.3,108.0,6.0,18.0,-8.888889313,0.0,9/24/14,58503T205,-0.4,6.02147,183364.0,9/1/14,7/1/14,53340,100.8454243,0.75,6.060002734,0.075256882,20 - 22,Priced Below Range,3,26,39,0,44.02,144.56,1,2015-09-24,365,success,147.340366193145,-9.6721384464522
506,MDLZ,Mondelez International Inc,8.0,14.9,4.6,8680.0,1735.0,31.0,0.806451619,53785.0,6/13/01,609207105,2.9,82.2549,1123290000.0,6/1/01,4/1/01,46698,98.37369592,3.47,4.600539781,0.16882386,30 - 31,Priced Within Range,0,10,108,1,15.9,-48.72,0,2002-06-13,365,success,-32.1744188167736,1.9411412931112
507,MEC,Mayville Engineering Co Inc,27.1,-1.6,0.6,106.25,19.6935,17.0,-3.117647171,334.789,5/9/19,578605107,0.7,49.0828,9901340.0,5/1/19,4/1/19,57418,99.50838434,3.0,3.645931768,0.212875859,19 - 21,Priced Below Range,8,50,119,0,6.13,-63.94,0,2020-05-08,365,success,-63.1631896797572,-2.81550468273254
508,MEDP,Medpace Holdings Inc,23.3,15.9,15.6,185.15,40.6921,23.0,20.82608604,935.918,8/11/16,58506Q109,7.3,109.2,33961200.0,8/1/16,7/1/16,54549,99.24735392,1.0,4.938698083,0.091843011,20 - 23,Priced Within Range,0,0,0,1,30.83,34.04,1,2017-08-11,365,success,20.853464429005,20.3526272308423
509,MEG,Montrose Environmental Group I,66.4,-4.6,-1.9,172.5,21.832,15.0,46.66666794,327.48,7/23/20,615111101,1.4,111.644,33171200.0,7/1/20,7/1/20,56484,97.81746245,0.25,9.875006693,0.50582435,15 - 17,Priced Within Range,8,33,134,1,50.32,235.47,1,2021-07-23,365,success,200.762086945385,47.8986539398902
510,MESA,Mesa Air Group Inc,-7.6,3.2,-5.2,131.694,35.9251,12.0,-2.083333254,422.413,8/10/18,590479135,3.7,41.1313,14928700.0,8/1/18,7/1/18,56831,100.5227439,2.5,3.835982303,0.055554233,14 - 16,Priced Below Range,5,37,67,0,5.84,-51.33,0,2019-08-12,367,success,-54.3431110277204,-1.37194445659055
511,MET,MetLife Inc,4.7,9.2,0.3,2878.5,831.0,14.25,8.771929741,11841.8,4/4/00,59156R108,14.6,101.795,798688000.0,4/1/00,4/1/00,46704,100.9656912,5.5,3.86810754,0.058411215,13 - 15,Priced Within Range,3,18,190,1,14.53,1.94,1,2001-04-04,365,success,25.2793314958465,9.5182919671031
512,META,Meta Platforms Inc,37.1,33.3,16.5,16006.9,2138.08,38.0,0.610032916,81247.2,5/18/12,30303M102,20.4,77.8534,1750670000.0,5/1/12,4/1/12,51702,99.83138197,0.75,8.313429668,-0.117347937,34 - 38,Priced Within Range,4,8,167,1,25.6,-32.63,0,2013-05-20,367,success,-61.2791929022302,1.3488105711367
513,METC,Ramaco Resources Inc,67.7,14.0,27.2,81.0,39.0626,13.5,0.370370358,527.345,2/3/17,75134P303,1.2,63.2938,27926300.0,2/1/17,1/1/17,54866,99.82153744,1.25,4.66429894,0.314611739,15-Dec,Priced Within Range,2,35,62,1,5.87,-56.54,0,2018-02-05,367,success,-79.3725720072693,-0.356105442164583
514,MG,Mistras Group Inc,14.2,0.5,0.6,125.0,26.4588,12.5,0.639999986,330.74,10/8/09,60649T107,1.4,57.4815,17184400.0,10/1/09,10/1/09,49886,98.18717138,0.5,10.18384358,0.096310119,14 - 16,Priced Below Range,8,32,55,1,11.25,-10.0,0,2010-10-08,365,success,-18.8683028094061,-0.106990721906337
515,MGNI,Magnite Inc,111.3,0.0138766,-3.6,116.799,35.7393,15.0,33.93333435,536.09,4/2/14,55955D100,1.0,70.0844,93481900.0,4/1/14,4/1/14,52840,100.7244786,0.75,6.336592395,0.329675445,15 - 17,Priced Within Range,4,8,219,1,17.31,15.4,1,2015-04-02,365,success,6.03991396934903,33.6480017126939
516,MGNX,MacroGenics Inc,-26.1,-260.9,-64.8,92.0,24.7717,16.0,56.1875,396.35,10/10/13,556099109,-2.4,132.218,81281300.0,10/1/13,10/1/13,52544,100.65078,0.75,7.416395048,-0.257528326,16 - 16,Priced Within Range,0,21,29,1,18.12,13.25,1,2014-10-10,365,success,-3.07615365881087,54.0044503455646
517,MGTX,MeiraGTx Holdings plc,142.2,-211.0,-34.8,75.0,27.1841,15.0,0.0,407.762,6/8/18,N.A.,-0.2,69.2061,30952900.0,6/1/18,4/1/18,56512,100.6340823,2.5,4.03458096,0.15938757,14 - 16,Priced Within Range,0,21,29,0,20.93,39.53,1,2019-06-10,367,success,36.1363677608429,-0.312590435005777
518,MKTX,MarketAxess Holdings Inc,1.4,36.9,15.3,63.25,22.8158,11.0,59.0,250.97,11/5/04,57060D108,7.5,115.757,43567400.0,11/1/04,10/1/04,49623,100.5102549,3.0,5.46304261,0.052383447,8.50 - 10.50,Priced Above Range,0,7,115,1,10.47,-4.85,0,2005-11-07,367,success,-9.01662786443518,58.6126266642372
519,MMI,Marcus & Millichap Inc,80.8,10.9,19.1,82.8,36.6009,12.0,11.83333302,439.21,10/31/13,566324109,6.4,101.53,39968100.0,10/1/13,10/1/13,52544,100.65078,0.75,7.416395048,-0.257528326,14 - 16,Priced Below Range,3,34,130,1,28.75,139.61,1,2014-10-31,365,success,126.757460064245,12.2172711689061
520,MMLP,Martin Midstream Partners LP,31.2,-0.0239112,3.6,55.1,3.335,19.0,-6.842105389,55.1,11/1/02,573331105,0.9,54.2205,21065100.0,11/1/02,10/1/02,46883,98.17044497,0.83,5.99851499,0.0,19 - 21,Priced Within Range,2,2,2,0,5.35,-71.85,0,2003-11-03,367,success,-88.0527077157037,-8.55814720978982
521,MNKD,MannKind Corp,15.8,-107.2,-36.6,91.7994,32.3915,14.0,0.571428597,453.48,7/28/04,56400P706,-0.2,46.4735,122316000.0,7/1/04,7/1/04,49243,100.8035013,2.25,5.557144436,-0.158144439,13 - 15,Priced Within Range,0,13,65,1,43.95,213.93,1,2005-07-28,365,success,201.73285373343,0.517530912088647
522,MODV,ModivCare Inc,46.3,-0.3,-2.7,59.34,7.70134,12.0,16.66666603,92.42,8/19/03,60783X104,13.2,114.458,16182400.0,8/1/03,7/1/03,48012,99.24404837,2.0,6.125750534,0.380641653,12-Oct,Priced Within Range,0,0,35,1,16.21,35.08,1,2004-08-18,365,success,27.1626071831023,16.405599570162
523,MOH,Molina Healthcare Inc,42.9,2.3,7.0,132.825,25.3988,17.5,14.28571415,444.48,7/2/03,60855R100,36.6,117.062,68364400.0,7/1/03,7/1/03,48012,98.90589371,2.0,6.179810938,0.108873163,16 - 18,Priced Within Range,0,0,142,1,25.25,44.3,1,2004-07-01,365,success,29.4984939874214,13.1221429496723
524,MORN,Morningstar Inc,22.3,11.3,4.0,161.956,38.4466,18.5,8.378377914,711.26,5/3/05,617700109,10.4,62.6946,26611500.0,5/1/05,4/1/05,50204,100.2702497,4.0,5.200249935,-0.102774923,16 - 19,Priced Within Range,0,7,115,1,38.09,105.87,1,2006-05-03,365,success,93.4670020287571,8.46356325603871
525,MPLX,MPLX LP,32.4,30.6,11.0,437.69,39.5465,22.0,23.63636398,870.02,10/26/12,55336V100,4.7,25.3689,254512000.0,10/1/12,10/1/12,51634,99.71850812,0.75,8.014015423,-0.038892514,19 - 21,Priced Above Range,2,2,2,1,15.11,-31.34,0,2013-10-28,367,success,-56.1406330745197,23.7092622029729
526,MPW,Medical Properties Trust Inc,23.6,42.4,6.4,145.812,37.6359,10.5,4.761904716,395.18,7/7/05,58463J304,1.3,91.8428,549220000.0,7/1/05,7/1/05,50470,100.3384397,4.25,5.02888944,0.462724936,12-Oct,Priced Within Range,3,3,136,1,2.59,-75.3,0,2006-07-07,365,success,-81.3974929921339,4.51669958899186
527,MPWR,Monolithic Power Systems Inc,43.0,20.0,22.8,53.4295,26.684,8.5,15.76470566,226.81,11/19/04,609839105,6.9,104.035,48836300.0,11/1/04,10/1/04,49623,100.5102549,3.0,5.46304261,0.052383447,9-Jul,Priced Within Range,1,4,4,1,11.45,34.69,1,2005-11-21,367,success,29.4889475905841,16.8808462922581
528,MRAM,Everspin Technologies Inc,31.2,7.8,20.2,40.0,12.492,8.0,0.25,99.936,10/7/16,30041T104,0.4,51.1515,10405500.0,10/1/16,10/1/16,54714,99.43029734,1.0,4.98714224,0.124674851,8-Aug,Priced Within Range,1,1,1,1,12.66,58.25,1,2017-10-09,367,success,39.7551919057323,0.575348368171074
529,MRBK,Meridian Corp,6.6,23.5,1.3,39.9993,0.0,17.0,7.352941036,0.0,11/7/17,58958P104,27.4,57.3177,3324730.0,11/1/17,10/1/17,55877,100.3158857,1.75,4.25663681,0.002432469,17 - 19,Priced Within Range,3,9,10,1,6.61,-61.14,0,2018-11-07,365,success,-66.8401425168743,7.37185131924033
530,MRC,MRC Global Inc,4.1,-0.5,2.7,477.273,101.487,21.0,0.190476194,2131.23,4/12/12,55345K103,0.6,100.883,84346600.0,4/1/12,4/1/12,51702,99.90659148,0.75,8.305796918,0.30210295,21 - 23,Priced Within Range,5,58,197,1,30.65,45.95,1,2013-04-12,365,success,31.4440624377,-1.18746256128025
531,MRCC,Monroe Capital Corp,-12.5,60.3,1.3,86.25,5.0001,15.0,1.666666627,75.0,10/25/12,610335101,0.9,20.0262,4338940.0,10/1/12,10/1/12,51634,99.71850812,0.75,8.014015423,-0.038892514,15 - 15,Priced Within Range,3,24,37,1,3.48,-76.8,0,2013-10-25,365,success,-100.0,1.36711234128571
532,MRNA,Moderna Inc,2199.1,66.0,50.0,604.348,324.411,23.0,-19.13043404,7461.45,12/7/18,60770K107,33.8,72.3472,277944000.0,12/1/18,10/1/18,56851,99.94885468,3.0,3.955038353,-0.319396282,22 - 24,Priced Within Range,0,21,29,0,18.78,-18.35,0,2019-12-09,367,success,-36.7448015119956,-16.7984221650511
533,MRVI,Maravai LifeSciences Holdings,181.3,22.7,11.5,1863.0,90.3798,27.0,10.55555534,2440.25,11/20/20,56600D107,3.2,101.206,133126000.0,11/1/20,10/1/20,57005,99.33764341,0.25,6.992358599,-0.061062722,24 - 27,Priced Within Range,0,21,29,1,37.55,39.07,1,2021-11-22,367,success,6.82862007381892,11.2348116280638
534,MSBI,Midland States Bancorp Inc,0.5,29.3,1.2,92.0612,15.3948,22.0,-0.454545468,326.678,5/24/16,597742105,14.8,63.2499,14009500.0,5/1/16,4/1/16,54334,99.17131936,1.0,4.882282302,0.4045791,22 - 24,Priced Within Range,3,9,44,0,23.74,7.93,1,2017-05-24,365,success,-7.38554733311307,-1.82268375955809
535,MSCI,MSCI Inc,20.5,35.5,17.1,289.8,16.1,18.0,38.72222137,289.8,11/15/07,55354G100,11.3,97.5423,77993000.0,11/1/07,10/1/07,52066,101.5178052,5.0,4.772251125,0.593961787,16 - 18,Priced Within Range,1,5,223,1,12.34,-31.43,0,2008-11-14,365,success,9.83727259730934,40.0434641844913
536,MSVB,Mid-Southern Bancorp Inc,5.8,19.7,0.7,25.599,0.0,10.0,13.3748188,0.0,7/12/18,59548Q107,0.8,24.1855,694023.0,7/1/18,7/1/18,56831,100.5899154,2.5,3.862981324,0.006746326,10-Oct,Priced Within Range,3,9,44,1,11.72,17.23,1,2019-07-12,365,success,10.0248900868028,12.4999145518324
537,MTDR,Matador Resources Co,83.6,35.6,25.3,178.596,56.2699,12.0,-2.083333254,675.24,2/2/12,576485205,9.0,96.3733,113876000.0,2/1/12,1/1/12,51559,99.86369756,0.75,8.372612628,0.440297355,14 - 16,Priced Below Range,2,28,43,0,7.38,-38.51,0,2013-02-01,365,success,-52.6649858532791,-2.19284794236975
538,MTGE,MTGE Investment Corp,109.4,68.8,1.1,160.0,10.0061,20.0,-7.949999809,200.12,8/4/11,55378A105,2.1,0.344548,157795.0,8/1/11,7/1/11,50769,99.28895922,0.75,9.108064643,0.27575889,20 - 20,Priced Within Range,3,3,6,0,11.71,-41.45,0,2012-08-03,365,success,-56.0533154637471,-3.16795515232838
539,MTSI,MACOM Technology Solutions Hol,11.2,65.1,32.5,131.1,45.2597,19.0,8.157895088,859.93,3/15/12,55405Y100,2.5,79.7096,56329500.0,3/1/12,1/1/12,51559,99.92363477,0.75,8.317498152,0.759455862,17 - 19,Priced Within Range,1,4,4,1,16.27,-14.37,0,2013-03-15,365,success,-25.6419219809826,7.56117514459185
540,MULE,MuleSoft Inc,57.9,-26.9,-23.0,254.15,14.95,17.0,45.58823395,2141.86,3/17/17,625207105,0.0185586,0.100727,95103.0,3/1/17,1/1/17,54866,99.85631202,1.5,4.473768194,0.081279787,14 - 16,Priced Above Range,1,5,81,1,33.03,94.29,1,2018-03-19,367,success,78.7710226847472,45.7196654373634
541,MWA,Mueller Water Products Inc,12.2,6.1,5.0,460.0,28.75,16.0,4.6875,460.0,5/26/06,624758108,0.3,111.882,174361000.0,5/1/06,4/1/06,51210,101.1215791,6.0,4.71660949,0.496277916,16 - 18,Priced Within Range,8,36,206,1,12.44,-22.27,0,2007-05-29,368,success,-40.6716013422897,4.11556635571277
542,MXL,MaxLinear Inc,86.4,4.7,10.9,103.75,30.4111,14.0,33.57143021,425.76,3/24/10,57776J100,2.2,94.2085,74015800.0,3/1/10,1/1/10,50036,99.66080144,0.75,10.04712856,0.410628354,13-Nov,Priced Above Range,1,4,224,1,8.15,-41.79,0,2011-03-24,365,success,-52.9793293978784,34.1207606100523
543,MYFW,First Western Financial Inc,-2.3,21.3,0.7,43.1547,7.54,19.0,3.684210539,143.26,7/19/18,33751L105,20.7,61.7482,5861140.0,7/1/18,7/1/18,56831,100.5899154,2.5,3.862981324,0.006746326,19 - 21,Priced Within Range,3,26,39,1,13.41,-29.42,0,2019-07-19,365,success,-36.2169619317486,4.07950985273906
544,NBHC,National Bank Holdings Corp,-13.1,31.4,1.0,158.283,46.232,19.25,1.818181872,889.97,9/20/12,633707104,5.8,90.1589,33894600.0,9/1/12,7/1/12,51684,99.65527109,0.75,7.942766623,0.446221227,20 - 22,Priced Below Range,3,9,203,1,16.56,-13.96,0,2013-09-20,365,success,-31.0562720536324,1.87225524207659
545,NCLH,Norwegian Cruise Line Holdings,-49.3,-695.4,-17.8,514.117,203.997,19.0,30.47368431,3875.94,1/18/13,N.A.,-6.7,58.7945,247758000.0,1/1/13,1/1/13,51998,100.0401909,0.75,8.002806341,0.295730419,16 - 18,Priced Above Range,5,12,225,1,36.22,90.63,1,2014-01-21,368,success,66.4096175019801,30.133357274415
546,NCMI,National CineMedia Inc,26.7,-42.5,-3.2,882.0,38.0,21.0,22.23809433,798.0,2/7/07,635309107,-1.1,38.8796,31881300.0,2/1/07,1/1/07,51492,101.6073514,6.25,4.611606375,0.535036756,18 - 20,Priced Above Range,4,19,26,1,82.24,291.63,1,2008-02-07,365,success,299.449202730732,22.0985901863536
547,NDLS,Noodles & Co,20.7,0.7,-2.6,110.892,28.5961,18.0,104.1666641,514.73,6/28/13,65540B105,0.8,87.5346,40287400.0,6/1/13,4/1/13,51982,100.5692261,0.75,7.657716977,0.239970809,15 - 17,Priced Above Range,5,17,33,1,34.39,91.06,1,2014-06-30,367,success,69.2120073919813,104.595620349082
548,NET,Cloudflare Inc,52.2,-39.6,-9.3,603.75,86.6107,15.0,20.0,1299.16,9/13/19,18915M107,0.2,101.397,288660000.0,9/1/19,7/1/19,57845,99.2709694,2.5,3.572134909,0.078344858,14-Dec,Priced Above Range,1,5,82,1,34.83,132.2,1,2020-09-14,367,success,121.167175530772,20.0724414102593
549,NFLX,Netflix Inc,18.8,17.2,11.1,94.875,20.6481,15.0,11.66666698,309.72,5/22/02,64110L106,0.8,89.1749,396847000.0,5/1/02,4/1/02,46866,99.45832738,1.25,5.85679877,0.0,13 - 15,Priced Within Range,4,8,167,1,1.61,-89.24,0,2003-05-22,365,success,-73.9281239353212,11.0980838993271
550,NGL,NGL Energy Partners LP,52.0,-2.3,-0.4,84.525,9.039,21.0,-0.095238097,189.82,5/12/11,62913M107,1.5,26.6829,34873400.0,5/1/11,4/1/11,50897,100.0117096,0.75,9.203184599,0.470418753,19 - 21,Priced Within Range,2,2,2,0,8.69,-58.64,0,2012-05-11,365,success,-59.0796939083138,-0.584781806421136
551,NGVC,Natural Grocers by Vitamin Cot,1.8,1.9,4.0,107.144,21.803,15.0,19.06666756,327.05,7/25/12,63888U108,2.3,41.3616,9384530.0,7/1/12,7/1/12,51684,99.65778342,0.75,8.233350624,-0.162978586,13 - 15,Priced Within Range,0,10,53,1,25.88,72.51,1,2013-07-25,365,success,46.1730080911397,19.098053709807
552,NINE,Nine Energy Service Inc,12.4,-18.4,-2.3,185.15,24.2374,23.0,13.47826099,557.46,1/19/18,65441V101,-1.3,54.9338,18249700.0,1/1/18,1/1/18,56195,100.4818485,2.0,4.134060502,0.544774545,20 - 23,Priced Within Range,2,29,46,1,24.29,5.61,1,2019-01-22,368,success,11.8136111788859,13.0397374619167
553,NLST,Netlist Inc,201.3,3.3,-34.4,50.3125,20.4817,7.0,15.71428585,143.37,11/30/06,64118P109,0.0275334,2.00619,4656300.0,11/1/06,10/1/06,51455,101.2916395,6.25,4.568466443,-0.148662042,9-Jul,Priced Within Range,1,1,1,1,2.38,-66.0,0,2007-11-30,365,success,-70.9327778037998,15.6321106837643
554,NMFC,New Mountain Finance Corp,-1.0,74.3,3.4,100.0,11.5978,13.75,-5.454545498,159.47,5/20/11,647551100,-0.2,37.1564,37504600.0,5/1/11,4/1/11,50897,100.0117096,0.75,9.203184599,0.470418753,14 - 15,Priced Below Range,3,24,37,0,3.3,-75.98,0,2012-05-21,367,success,-73.8491461914069,-4.6857187501198
555,NMRK,Newmark Group Inc,52.5,25.8,4.4,322.0,138.594,14.0,-0.357142866,1940.32,12/15/17,65158N102,-0.2,77.0286,115970000.0,12/1/17,10/1/17,55877,100.3962325,2.0,4.150219646,-0.058783228,14 - 15,Priced Within Range,3,34,130,0,7.98,-43.0,0,2018-12-17,367,success,-40.1649666333809,-1.25457722372325
556,NNI,Nelnet Inc,-13.2,26.2,2.1,180.323,39.015,21.0,3.809523821,819.32,12/11/03,64031N108,14.1,67.1787,17760100.0,12/1/03,10/1/03,48450,100.6010521,2.0,5.783101078,-0.108401084,18 - 20,Priced Above Range,3,26,152,1,19.6,-6.66,0,2004-12-10,365,success,-17.6783841914442,2.66133332599157
557,NODK,NI Holdings Inc,5.7,2.6,-6.1,103.5,23.0,10.0,47.5,230.0,3/16/17,65342T106,1.3,25.3002,5344010.0,3/1/17,1/1/17,54866,99.85631202,1.5,4.473768194,0.081279787,10-Oct,Priced Within Range,3,18,25,1,17.24,72.4,1,2018-03-16,365,success,56.9425713206128,47.6626710288913
558,NOW,ServiceNow Inc,30.4,3.9,1.9,241.155,121.64,18.0,36.66666794,2189.52,6/29/12,81762P102,11.0,93.5839,189040000.0,6/1/12,4/1/12,51702,99.73298716,0.75,8.221798163,-0.146639688,15 - 17,Priced Above Range,1,5,5,1,40.79,126.61,1,2013-07-01,367,success,108.05124620529,34.1746440710336
559,NREF,Nexpoint Real Estate Finance I,95.6,33.8,0.3,101.65,5.35,19.0,-1.052631617,101.65,2/7/20,65342V101,7.4,75.4311,11299400.0,2/1/20,1/1/20,57279,99.15001442,2.25,3.567732608,0.274061813,19 - 21,Priced Within Range,3,3,6,0,9.5,-50.01,0,2021-02-08,367,success,-66.3584809486376,-0.512546260420211
560,NRIX,Nurix Therapeutics Inc,66.9,-393.9,-35.9,209.0,37.038,19.0,0.052631579,703.722,7/24/20,67080M103,-1.9,106.468,50197100.0,7/1/20,7/1/20,56484,97.81746245,0.25,9.875006693,0.50582435,17 - 18,Priced Above Range,0,21,29,1,29.41,54.79,1,2021-07-26,367,success,18.9696432142436,0.671671575314674
561,NRP,Natural Resource Partners LP,50.5,56.0,28.6,90.0,11.3537,20.0,-3.0,227.07,10/11/02,63900P608,9.8,35.2014,4402290.0,10/1/02,10/1/02,46883,98.30208375,1.25,5.783866299,0.165745856,19 - 21,Priced Within Range,2,35,62,0,33.46,67.29,1,2003-10-13,367,success,42.9388566151455,-6.90586439793796
562,NSA,National Storage Affiliates Tr,35.5,17.9,1.8,299.0,0.0,13.0,0.0,0.0,4/23/15,637870106,4.0,88.7978,80686400.0,4/1/15,4/1/15,54021,100.329222,0.75,5.52420878,0.203287325,15 - 17,Priced Below Range,3,3,150,0,12.98,-0.12,0,2016-04-22,365,success,0.378361532984326,-0.235771603443657
563,NSM,Nationstar Mortgage Holdings I,4.6,6.8,1.5,268.334,89.1666,14.0,1.428571463,1248.33,3/8/12,63861C109,4.5,0.233921,229659.0,3/1/12,1/1/12,51559,99.92363477,0.75,8.317498152,0.759455862,17 - 19,Priced Below Range,3,26,170,1,39.39,181.36,1,2013-03-08,365,success,167.79614766798,0.44677829332978
564,NTGR,NETGEAR Inc,-6.9,4.2,-6.0,112.7,27.2285,14.0,26.3571434,381.2,7/31/03,64111Q104,-0.1,92.1228,26622700.0,7/1/03,7/1/03,48012,98.90589371,2.0,6.179810938,0.108873163,12-Oct,Priced Above Range,4,23,77,1,7.1,-49.31,0,2004-07-30,365,success,-60.4297561033287,26.0715701356646
565,NTLA,Intellia Therapeutics Inc,-43.0,-810.4,-36.5,124.2,35.9963,18.0,22.77777863,647.933,5/6/16,45826J105,-3.1,93.2863,73401400.0,5/1/16,4/1/16,54334,99.17131936,1.0,4.882282302,0.4045791,16 - 18,Priced Within Range,0,21,29,1,13.46,-25.22,0,2017-05-08,367,success,-41.3773905659512,22.4603147105493
566,NTNX,Nutanix Inc,13.3,-50.4,-34.3,273.608,17.1005,16.0,131.25,2232.06,9/30/16,67059N108,0.3,78.9571,181669000.0,9/1/16,7/1/16,54549,99.32291136,1.0,5.067702195,0.240399586,13 - 15,Priced Above Range,1,5,82,1,23.51,46.94,1,2017-10-02,367,success,31.1767400809241,130.453203063866
567,NTRA,Natera Inc,59.9,-75.4,-47.0,196.2,49.3273,18.0,26.33333397,887.891,7/2/15,632307104,-3.7,94.4289,102959000.0,7/1/15,7/1/15,54081,99.98278579,0.75,5.338603251,0.006704716,17 - 18,Priced Within Range,0,22,112,1,12.28,-31.78,0,2016-07-01,365,success,-31.4906092645308,26.3641362643856
568,NTST,NETSTREIT Corp,75.3,5.1,0.6,250.862,25.7344,18.0,-1.388888836,463.219,8/13/20,64119V303,0.8,157.696,86537600.0,8/1/20,7/1/20,56484,98.41453353,0.25,8.302616451,0.315321052,19 - 21,Priced Below Range,3,3,120,0,21.41,18.93,1,2021-08-13,365,success,-12.7582296519565,-1.18417140143326
569,NVST,Envista Holdings Corp,30.0,13.5,3.9,677.23,158.651,22.0,27.04545403,3490.33,9/18/19,29415F104,2.2,132.972,216805000.0,9/1/19,7/1/19,57845,99.2709694,2.5,3.572134909,0.078344858,21 - 24,Priced Within Range,0,22,61,1,25.64,16.55,1,2020-09-17,365,success,3.43043244242372,27.0111848408996
570,NXST,Nexstar Media Group Inc,3.2,17.9,7.8,140.0,10.11,14.0,-5.357142925,141.54,11/24/03,65336K103,28.8,104.061,39239700.0,11/1/03,10/1/03,48450,100.3145817,2.0,5.962766689,-0.27027027,14 - 16,Priced Within Range,4,6,7,0,6.24,-55.4,0,2004-11-23,365,success,-67.2964374605004,-6.97988522943984
571,NYMT,New York Mortgage Trust Inc,2328.3,51.0,-3.8,135.0,18.1621,9.0,-0.666666687,163.46,6/24/04,649604501,0.3,58.1947,215939000.0,6/1/04,4/1/04,48905,100.8993806,2.25,5.646463306,0.317292438,11-Sep,Priced Within Range,3,3,6,0,29.12,223.51,1,2005-06-24,365,success,217.113650597039,-0.368602352599539
572,OCSL,Oaktree Specialty Lending Corp,46.2,113.3,2.0,141.2,22.6143,14.12,-14.16430569,319.31,6/12/08,67401P108,0.1,46.1315,84593300.0,6/1/08,4/1/08,51923,100.2237391,2.25,5.632467538,1.007699693,14.12 - 15.12,Priced Within Range,3,24,37,0,5.15,-63.49,0,2009-06-12,365,success,-33.5826230085479,-14.4922755761689
573,OCUL,Ocular Therapeutix Inc,150.0,-15.0,-31.5,74.75,21.3195,13.0,1.153846145,277.15,7/25/14,67576A100,-0.8,57.3768,44186100.0,7/1/14,7/1/14,53340,100.8354317,0.75,6.275748001,-0.039019396,14 - 16,Priced Below Range,0,13,15,1,25.48,96.0,1,2015-07-27,367,success,89.7417259860381,1.63876118926519
574,OESX,Orion Energy Systems Inc,6.4,4.9,0.8,115.0,26.5531,13.0,64.69230652,345.19,12/19/07,686275108,-0.003643,56.9333,18209900.0,12/1/07,10/1/07,52066,101.4058565,4.75,5.050630757,-0.067086313,14-Dec,Priced Within Range,8,52,227,1,43.5,234.62,1,2008-12-18,365,success,271.772099607708,64.8283894920832
575,OFS,OFS Capital Corp,5.0,119.0,1.3,100.0,9.5787,15.0,-4.333333492,143.68,11/8/12,67103B100,-0.9,40.1028,5370990.0,11/1/12,10/1/12,51634,99.80309801,0.75,7.867321051,-0.473808669,15 - 15,Priced Within Range,3,24,37,0,2.85,-81.01,0,2013-11-08,365,success,-100.0,-3.11284926820706
576,OIS,Oil States International Inc,-10.1,-11.1,-3.0,92.2442,48.1564,9.0,1.666666627,433.41,2/9/01,678026105,0.1,89.3686,57108400.0,2/1/01,1/1/01,46519,98.64165939,5.0,4.264060336,0.399771559,10-Sep,Priced Within Range,2,29,46,1,4.57,-49.21,0,2002-02-11,367,success,-34.2833214801688,3.00022148980002
577,OKTA,Okta Inc,55.6,-65.2,-10.1,215.05,12.65,17.0,38.29411697,187.0,4/7/17,679295105,0.7,89.4754,135872000.0,4/1/17,4/1/17,55057,99.87725138,1.5,4.433586626,0.296553337,15 - 17,Priced Within Range,4,8,116,1,38.66,127.41,1,2018-04-09,367,success,116.842150255205,38.3768299829193
578,OLLI,Ollie's Bargain Outlet Holding,-3.0,8.9,4.6,164.221,58.4632,16.0,32.1875,935.411,7/16/15,681116109,0.7,138.291,86556300.0,7/1/15,7/1/15,54081,99.98278579,0.75,5.338603251,0.006704716,13 - 15,Priced Above Range,5,17,113,1,24.76,54.75,1,2016-07-15,365,success,53.4253271689187,31.3860319452672
579,OMCL,Omnicell Inc,26.8,6.8,2.2,48.3,20.6832,7.0,35.8571434,144.78,8/7/01,68213N109,5.3,113.765,50795800.0,8/1/01,7/1/01,46390,98.27919277,3.16,4.983653131,0.0,9-Jul,Priced Within Range,0,22,61,1,6.33,-9.57,0,2002-08-07,365,success,14.9866259968789,35.5306036771135
580,OMF,OneMain Holdings Inc,0.8,26.4,4.3,411.432,114.788,17.0,13.29411793,1951.4,10/16/13,68268W103,16.9,96.9454,118479000.0,10/1/13,10/1/13,52544,100.65078,0.75,7.416395048,-0.257528326,15 - 17,Priced Within Range,3,26,152,1,15.97,-6.04,0,2014-10-16,365,success,-15.1109427874073,11.9113647184424
581,ON,ON Semiconductor Corp,28.2,14.9,17.2,552.0,171.167,16.0,37.109375,2738.67,4/28/00,682189105,4.1,116.832,505209000.0,4/1/00,4/1/00,46704,100.9656912,5.5,3.86810754,0.058411215,15 - 17,Priced Within Range,1,4,4,1,5.9,-63.12,0,2001-04-30,367,success,-48.116865535805,37.9619805774277
582,ONEW,OneWater Marine Inc,20.0,6.4,13.0,63.6924,6.0879,12.0,26.16666603,73.0548,2/7/20,68280L101,14.3,65.0045,9238190.0,2/1/20,1/1/20,57279,99.15001442,2.25,3.567732608,0.274061813,14-Dec,Priced Within Range,5,17,181,1,33.42,178.51,1,2021-02-08,367,success,162.161519051362,26.7067513865798
583,OOMA,Ooma Inc,13.8,-0.9,-0.7,65.0,16.829,13.0,-15.76923084,218.777,7/17/15,683416101,0.2,86.361,20985700.0,7/1/15,7/1/15,54081,99.98278579,0.75,5.338603251,0.006704716,16 - 18,Priced Below Range,4,23,143,0,8.47,-34.85,0,2016-07-18,367,success,-36.5950113261841,-15.8798491622092
584,OPBK,OP Bancorp,24.4,37.4,1.8,25.3,15.4905,11.0,8.181818008,170.395,3/28/18,67109R109,9.8,54.8454,8336410.0,3/1/18,1/1/18,56195,100.6306862,2.25,4.075548902,0.22611259,9.50 - 11.50,Priced Within Range,3,9,70,1,6.85,-37.7,0,2019-03-28,365,success,-45.3917511324376,8.47348371746985
585,OPI,Office Properties Income Trust,-1.9,-1.4,0.1,230.0,21.45,20.0,-2.650000095,429.0,6/3/09,67623C109,4.6,83.1111,40363800.0,6/1/09,4/1/09,49408,96.31575597,0.5,9.523413945,0.858989226,20 - 22,Priced Within Range,3,3,157,0,28.46,42.28,1,2010-06-03,365,success,27.3673669465783,-1.27607917129145
586,OPRT,Oportun Financial Corp,46.9,8.2,-1.8,107.812,26.8932,15.0,7.800000191,403.398,9/26/19,68376D104,5.8,99.495,33025100.0,9/1/19,7/1/19,57845,99.2709694,2.5,3.572134909,0.078344858,15 - 17,Priced Within Range,3,26,152,1,11.22,-25.2,0,2020-09-25,365,success,-33.9082903396438,8.04289183170184
587,ORA,Ormat Technologies Inc,-5.9,9.3,1.5,107.812,31.5625,15.0,4.466666698,473.44,11/11/04,686688102,4.6,102.011,57175100.0,11/1/04,10/1/04,49623,100.5102549,3.0,5.46304261,0.052383447,15 - 17,Priced Within Range,7,39,155,1,19.18,27.85,1,2005-11-11,365,success,24.0058793700085,3.55774462398166
588,OSS,One Stop Systems Inc,19.4,3.7,2.6,19.5,11.5189,5.0,-2.400000095,57.5945,2/1/18,68247W109,0.3,34.6226,6935760.0,2/1/18,1/1/18,56195,100.5687191,2.0,4.155353875,0.453468997,8-Jun,Priced Below Range,1,1,193,0,2.43,-51.4,0,2019-02-01,365,success,-47.2227952418004,-2.33519123881766
589,OTTW,Ottawa Bancorp Inc,-1.8,20.9,0.9,23.84,0.0,10.0,13.24553299,0.0,10/12/16,689195105,1.0,9.43858,294581.0,10/1/16,10/1/16,54714,99.43029734,1.0,4.98714224,0.124674851,10-Oct,Priced Within Range,3,20,110,1,10.48,4.81,1,2017-10-12,365,success,-14.4244718106677,13.1308740474601
590,OUT,Outfront Media Inc,18.4,2.4,2.7,644.0,123.0,28.0,5.357142925,3444.0,3/28/14,69007J106,0.6,123.346,202477000.0,3/1/14,1/1/14,52266,100.6756095,0.75,6.763461499,0.644004413,26 - 28,Priced Within Range,3,3,50,1,16.66,-40.51,0,2015-03-30,367,success,-51.1973261234465,4.89312073948582
591,OVID,Ovid therapeutics Inc,1551.5,58.9,-34.4,75.0,24.6019,15.0,-18.33333397,369.029,5/5/17,690469101,1.7,59.3359,41812200.0,5/1/17,4/1/17,55057,99.9020738,1.5,4.399948582,0.085472183,15 - 17,Priced Within Range,0,21,29,0,8.97,-40.2,0,2018-05-07,367,success,-49.8045053851032,-18.7422034884902
592,OXSQ,Oxford Square Capital Corp,3.4,106.4,-9.2,149.999,8.69565,15.0,0.0,130.43,11/21/03,69181V107,-2.1,5.12463,2552880.0,11/1/03,10/1/03,48450,100.3145817,2.0,5.962766689,-0.27027027,15 - 15,Priced Within Range,3,24,37,0,0.92,-93.85,0,2004-11-22,367,success,-100.0,-0.157694090084015
593,P,Pandora Media LLC,5.9,-35.3,-28.4,240.544,160.078,16.0,8.875,2561.25,6/15/11,698354107,-0.8,1.53069,4154190.0,6/1/11,4/1/11,50897,99.76797113,0.75,9.175962174,-0.107096706,12-Oct,Priced Above Range,4,8,167,1,10.42,-34.87,0,2012-06-14,365,success,-39.5135181960813,10.6181845673212
594,PACB,Pacific Biosciences of Califor,65.4,-138.8,-15.5,230.0,51.9885,16.0,2.75,831.82,10/27/10,69404D108,-0.5,119.257,269652000.0,10/1/10,10/1/10,50859,99.75772772,0.75,9.681642739,0.124519889,15 - 17,Priced Within Range,0,22,32,1,4.07,-74.56,0,2011-10-27,365,success,-80.6270635521892,3.01905839543547
595,PAGP,Plains GP Holdings LP,80.6,0.1,0.7,2912.41,132.382,22.0,0.0,2912.4,10/16/13,72651A207,10.2,102.433,199014000.0,10/1/13,10/1/13,52544,100.65078,0.75,7.416395048,-0.257528326,22 - 25,Priced Within Range,2,2,2,0,33.96,54.36,1,2014-10-16,365,success,45.2890572125927,-1.38275321155763
596,PAHC,Phibro Animal Health Corp,13.0,5.2,5.5,219.858,16.4626,15.0,13.33333302,246.94,4/11/14,71742Q106,0.7,109.903,22351600.0,4/1/14,4/1/14,52840,100.7244786,0.75,6.336592395,0.329675445,16 - 18,Priced Below Range,0,13,15,1,27.41,82.76,1,2015-04-13,367,success,66.9880275099018,14.2820104054615
597,PANW,Palo Alto Networks Inc,29.2,-4.8,-2.3,299.46,67.5314,42.0,26.5,2836.32,7/20/12,697435105,6.7,91.9943,276347000.0,7/1/12,7/1/12,51684,99.65778342,0.75,8.233350624,-0.162978586,38 - 40,Priced Above Range,4,8,204,1,8.26,-80.34,0,2013-07-22,367,success,-100.0,27.50616602127
598,PAYC,Paycom Software Inc,25.4,18.5,6.6,114.626,50.811,15.0,2.333333254,762.16,4/15/14,70432V102,5.5,85.3826,51246900.0,4/1/14,4/1/14,52840,100.7244786,0.75,6.336592395,0.329675445,18 - 22,Priced Below Range,1,5,81,1,30.55,103.69,1,2015-04-15,365,success,89.9698233977561,1.65760248112323
599,PBF,PBF Energy Inc,80.3,0.8,19.1,612.95,23.5677,26.0,0.961538434,612.76,12/13/12,69318G106,3.9,106.821,130877000.0,12/1/12,10/1/12,51634,99.9128809,0.75,8.062128282,-0.269306449,25 - 27,Priced Within Range,2,28,68,1,20.68,-20.46,0,2013-12-13,365,success,-46.0170842596056,1.59368092996973
600,PBFS,Pioneer Bancorp Inc/NY,-2.9,18.2,0.5,111.704,22.5893,10.0,47.5,225.893,7/18/19,723561106,1.9,21.9556,5703550.0,7/1/19,7/1/19,57845,99.35534623,3.0,3.786645109,0.167094162,10-Oct,Priced Within Range,3,9,121,1,8.86,-11.4,0,2020-07-17,365,success,-19.12759410277,47.1418002399329
601,PBH,Prestige Consumer Healthcare I,15.2,18.9,5.6,515.2,50.0,16.0,10.9375,800.0,2/10/05,74112D101,5.1,107.249,53115900.0,2/1/05,1/1/05,50068,100.4087346,3.5,5.435789926,0.576822234,14 - 16,Priced Within Range,0,13,15,1,10.97,-31.44,0,2006-02-10,365,success,-37.1742890557782,10.5163538459119
602,PBPB,Potbelly Corp,30.4,-6.2,-5.0,120.75,29.1315,14.0,119.7857132,407.84,10/4/13,73754Y100,-0.1,58.4962,16854100.0,10/1/13,10/1/13,52544,100.65078,0.75,7.416395048,-0.257528326,13-Dec,Priced Above Range,5,17,33,1,11.62,-17.0,0,2014-10-06,367,success,-32.1239304347826,119.080390754705
603,PBSK,Poage Bankshares Inc,-2.0,-15.2,-0.5,33.7238,0.0,10.0,11.30000019,0.0,9/13/11,730206109,1.4,12.7076,444416.0,9/1/11,7/1/11,50769,99.17583216,0.75,9.20166785,0.151846212,10-Oct,Priced Within Range,3,20,195,1,11.23,12.29,1,2012-09-12,365,success,-9.55470248981005,10.3879939592964
604,PCB,PCB Bancorp,9.1,41.9,1.6,50.164,15.9444,20.0,2.75,318.888,8/10/18,69320M109,-0.1,48.1293,7123200.0,8/1/18,7/1/18,56831,100.5227439,2.5,3.835982303,0.055554233,20 - 22,Priced Within Range,3,9,70,1,12.92,-35.42,0,2019-08-12,367,success,-38.4331110277204,3.46138879740945
605,PCRX,Pacira BioSciences Inc,26.0,7.7,1.3,42.0,17.2329,7.0,0.285714299,120.63,2/3/11,695127100,2.8,130.888,60054300.0,2/1/11,1/1/11,50646,100.3052137,0.75,9.152159044,0.493136503,7-Jul,Priced Within Range,0,13,15,1,10.72,53.14,1,2012-02-03,365,success,51.8401767032394,0.0502943369034053
606,PCTY,Paylocity Holding Corp,34.1,10.6,2.6,137.729,49.2876,17.0,41.41176605,837.89,3/19/14,70438V106,2.8,77.3612,43070000.0,3/1/14,1/1/14,52266,100.6756095,0.75,6.763461499,0.644004413,14 - 16,Priced Above Range,0,7,73,1,31.88,87.53,1,2015-03-19,365,success,76.0557174876452,42.0249309585325
607,PD,PagerDuty Inc,31.7,-38.1,-16.1,250.332,74.9715,24.0,59.375,1799.32,4/11/19,69553P100,-0.0712426,104.03,92750600.0,4/1/19,4/1/19,57418,99.58445085,3.0,3.5977807,0.529500161,21 - 23,Priced Above Range,1,5,81,1,19.12,-20.33,0,2020-04-13,368,success,-15.5403615685573,59.371187707906
608,PDFS,PDF Solutions Inc,26.1,-19.3,-5.6,62.1,22.2066,12.0,26.25,266.48,7/27/01,693282105,0.1,73.3396,27416500.0,7/1/01,7/1/01,46390,98.33481161,3.25,4.607434342,-0.280898876,13-Nov,Priced Within Range,1,5,5,1,6.0,-50.0,0,2002-07-29,367,success,-25.6016682361298,26.0097622579641
609,PDM,Piedmont Office Realty Trust I,-1.1,-0.2,0.9,200.1,53.5292,14.5,7.586206913,776.17,2/10/10,720190206,1.9,90.7375,111966000.0,2/1/10,1/1/10,50036,99.50065669,0.75,9.926923507,0.024920738,16 - 18,Priced Below Range,3,3,157,1,9.13,-37.06,0,2011-02-10,365,success,-60.5515265768608,7.80946429776147
610,PEB,Pebblebrook Hotel Trust,65.5,-25.2,-1.4,402.5,20.275,20.0,2.25,405.5,12/9/09,70509V100,0.5,124.396,163546000.0,12/1/09,10/1/09,49886,98.94790322,0.5,10.0976818,-0.176119817,20 - 20,Priced Within Range,3,3,63,1,13.8,-30.99,0,2010-12-09,365,success,-42.6511209191979,1.88276276932158
611,PEN,Penumbra Inc,33.4,0.7,-2.6,138.0,30.6386,30.0,37.66666794,901.158,9/18/15,70975L107,0.2,101.649,38604800.0,9/1/15,7/1/15,54081,99.65397112,0.75,5.114117614,-0.155675658,25 - 28,Priced Above Range,0,22,61,1,74.16,147.2,1,2016-09-19,367,success,137.535695663634,39.2830845208484
612,PF,Pinnacle Foods Inc,0.5,16.9,9.3,667.0,117.171,20.0,11.05000019,2343.42,3/28/13,72348P104,3.5,0.801346,955522.0,3/1/13,1/1/13,51998,100.2801151,0.75,7.574579728,0.261450858,18 - 20,Priced Within Range,0,10,11,1,26.62,33.08,1,2014-03-28,365,success,15.0216304810483,10.6443332931538
613,PFG,Principal Financial Group Inc,-3.2,11.9,1.8,2127.5,360.0,18.5,13.51351357,6660.0,10/23/01,74251V102,11.9,88.5349,216630000.0,10/1/01,10/1/01,46400,98.29104909,2.02,5.413870464,-0.336511497,17 - 20,Priced Within Range,3,18,60,1,14.92,-19.36,0,2002-10-23,365,success,-2.30031477786359,13.9832809695097
614,PFGC,Performance Food Group Co,67.4,0.2,1.1,316.825,99.6563,19.0,1.052631617,1893.47,10/1/15,71377A103,1.8,105.025,163495000.0,10/1/15,10/1/15,54045,99.52145458,0.75,5.19705592,-0.044968375,22 - 25,Priced Below Range,0,10,95,1,24.8,30.53,1,2016-09-30,365,success,17.6623628016902,0.855243193758826
615,PFLT,PennantPark Floating Rate Capi,-13.4,68.3,1.7,102.75,6.8507,15.0,-10.66666698,102.76,4/8/11,70806A106,1.2,22.7045,10295500.0,4/1/11,4/1/11,50897,100.1934599,0.75,9.277005673,0.643942954,15 - 15,Priced Within Range,3,24,37,0,3.29,-78.08,0,2012-04-09,367,success,-83.3436266203878,-10.2662225918848
616,PGEM,Ply Gem Holdings Inc,7.5,3.3,5.3,381.316,67.1204,21.0,10.95238113,1409.53,5/23/13,72941W100,1.4,0.172148,118019.0,5/1/13,4/1/13,51982,100.4875479,0.75,7.705884828,0.178040777,18 - 20,Priced Above Range,8,47,209,1,12.05,-42.62,0,2014-05-23,365,success,-57.0107045435005,11.2447643764537
617,PGEN,Precigen Inc,0.6,-88.7,-25.3,183.998,96.7103,16.0,54.5625,1547.36,8/8/13,74017N105,-0.2,61.1535,127291000.0,8/1/13,7/1/13,52284,100.641767,0.75,7.391202966,0.120293156,14 - 16,Priced Within Range,0,21,29,1,21.7,35.65,1,2014-08-08,365,success,22.5270169530954,54.1739550231594
618,PGNY,Progyny Inc,45.1,13.1,9.9,149.5,82.1748,13.0,22.61538506,1068.27,10/25/19,7.43E+107,0.2,112.575,104563000.0,10/1/19,10/1/19,58017,99.278352,2.25,3.640738145,0.228619055,14 - 16,Priced Below Range,0,7,45,1,26.69,105.31,1,2020-10-26,367,success,91.0525043749871,22.2081150015948
619,PGRE,Paramount Group Inc,1.7,-2.8,0.0316394,2636.38,211.897,17.5,3.885714293,0.0,11/19/14,69924R108,1.1,68.208,149937000.0,11/1/14,10/1/14,53464,100.7732648,0.75,5.911112923,-0.539941794,16 - 19,Priced Within Range,3,3,157,1,13.54,-22.61,0,2015-11-19,365,success,-22.6939533964791,4.0358301876507
620,PHR,Phreesia Inc,43.4,-55.4,-36.9,192.265,35.5068,18.0,39.33333206,639.122,7/18/19,71944F106,-1.5,103.194,54209900.0,7/1/19,7/1/19,57845,99.35534623,3.0,3.786645109,0.167094162,15 - 17,Priced Above Range,1,5,5,1,29.17,62.06,1,2020-07-17,365,success,54.33240589723,38.9751322999329
621,PI,Impinj Inc,36.9,-26.9,-16.4,77.28,18.53,14.0,28.3571434,259.42,7/21/16,453204109,0.2,104.581,27102100.0,7/1/16,7/1/16,54549,99.20439166,1.0,4.892736309,-0.16181364,14-Dec,Priced Within Range,1,4,4,1,52.41,274.36,1,2017-07-21,365,success,260.10429873315,28.7183963073708
622,PINC,Premier Inc,-16.7,18.5,5.3,874.12,32.3748,27.0,13.51851845,874.12,9/26/13,74051N102,3.7,73.1922,86924600.0,9/1/13,7/1/13,52284,100.6503359,0.75,7.388513748,0.116300449,23 - 26,Priced Above Range,0,13,160,1,27.47,1.73,1,2014-09-26,365,success,-15.9090939522567,13.1699758877918
623,PINE,Alpine Income Property Trust I,56.5,33.0,6.7,142.5,7.883,19.0,0.0,149.777,11/22/19,02083X103,1.7,67.1352,7999450.0,11/1/19,10/1/19,58017,99.29162222,2.25,3.618104556,-0.053624303,19 - 21,Priced Within Range,3,3,230,0,11.24,-40.86,0,2020-11-23,367,success,-56.0219325557053,-0.217493569123572
624,PINS,Pinterest Inc,52.3,12.2,1.7,1638.75,86.25,19.0,28.42105293,1638.75,4/18/19,72352L106,1.1,93.6721,550371000.0,4/1/19,4/1/19,57418,99.58445085,3.0,3.5977807,0.529500161,15 - 17,Priced Above Range,4,8,167,1,17.45,-8.16,0,2020-04-17,365,success,-4.52905715441746,28.2631437063493
625,PKG,Packaging Corp of America,16.1,10.8,12.1,555.0,102.725,12.0,0.0,1232.7,1/27/00,695156109,11.6,100.832,93304100.0,1/1/00,1/1/00,45983,101.2149375,5.0,4.065654619,0.297088532,15-Dec,Priced Within Range,8,48,107,0,6.89,-42.59,0,2001-01-26,365,success,-40.1403368783106,0.393842783148279
626,PLAY,Dave & Buster's Entertainment,198.7,8.3,4.3,108.237,39.969,16.0,8.0,625.386,10/10/14,238337109,5.8,119.743,57759000.0,10/1/14,10/1/14,53464,100.8195993,0.75,5.895838862,-0.251227781,16 - 18,Priced Within Range,5,17,33,1,37.82,136.4,1,2015-10-12,367,success,130.770790621913,9.14510123101682
627,PLMR,Palomar Holdings Inc,47.0,18.5,4.7,84.375,22.625,15.0,26.60000038,339.375,4/17/19,69753M105,3.4,104.299,26317400.0,4/1/19,4/1/19,57418,99.58445085,3.0,3.5977807,0.529500161,15 - 17,Priced Within Range,3,18,25,1,55.24,268.27,1,2020-04-16,365,success,272.306954471827,26.8273815783875
628,PLNT,Planet Fitness Inc,44.3,7.2,2.9,248.4,37.2605,16.0,0.0,596.168,8/6/15,72703H101,2.2,117.125,97700200.0,8/1/15,7/1/15,54081,99.81653966,0.75,5.149624756,-0.141627628,14 - 16,Priced Within Range,5,12,140,0,18.06,12.87,1,2016-08-05,365,success,9.01938001650375,0.775298514064748
629,PLOW,Douglas Dynamics Inc,12.7,5.6,5.7,129.375,21.2604,11.25,0.355555564,239.18,5/5/10,25960R105,2.6,107.883,24690900.0,5/1/10,4/1/10,50424,99.71018858,0.75,9.847744849,0.077519735,11.25 - 11.75,Priced Within Range,5,38,154,1,7.96,-29.26,0,2011-05-05,365,success,-46.0157254957917,1.01421108190024
630,PLRX,Pliant Therapeutics Inc,-81.8,-1284.5,-36.9,165.6,35.5513,16.0,33.125,547.221,6/3/20,729139105,-2.1,93.6325,45654600.0,6/1/20,4/1/20,52394,96.38894556,0.25,10.71621054,0.547204693,14 - 16,Priced Within Range,0,21,29,1,31.07,94.19,1,2021-06-03,365,success,59.6330097452561,31.7601020808788
631,PLYM,Plymouth Industrial REIT Inc,28.0,-10.6,-1.3,58.14,3.7867,19.0,-3.210526228,71.9473,6/9/17,729640102,1.8,94.5448,40512000.0,6/1/17,4/1/17,55057,99.9382068,1.75,4.359433085,0.090711101,19 - 21,Priced Within Range,3,3,13,0,10.97,-42.28,0,2018-06-11,367,success,-56.204018069768,-3.12752732638439
632,PMT,PennyMac Mortgage Investment T,-2.0,7.8,-0.6,320.0,16.7353,20.0,-4.5,334.71,7/30/09,70931T103,-28.9,78.5326,69837900.0,7/1/09,7/1/09,49473,96.79970831,0.5,9.515989208,-0.158558692,20 - 20,Priced Within Range,3,3,6,0,3.04,-84.8,0,2010-07-30,365,success,-96.8983030149481,-5.68955804847949
633,PMTS,CPI Card Group Inc,20.1,4.2,8.8,172.5,56.4761,10.0,21.70000076,564.761,10/9/15,12634H200,1.8,12.3696,1408360.0,10/1/15,10/1/15,54045,99.52145458,0.75,5.19705592,-0.044968375,10-Oct,Priced Within Range,0,7,115,1,30.34,203.38,1,2016-10-10,367,success,196.139902331443,21.6274896242345
634,PNNT,PennantPark Investment Corp,-18.6,204.2,2.7,309.375,21.025,15.0,-4.0,315.38,4/19/07,708062104,0.1,39.3487,25739600.0,4/1/07,4/1/07,51705,101.8191092,6.25,4.572674984,0.649616269,15 - 15,Priced Within Range,3,24,37,0,0.92,-93.9,0,2008-04-18,365,success,-86.6913335254103,-3.8797949066214
635,PNTPQ,Patriot National Inc,11.0,-0.3,-0.2,116.42,26.3904,14.0,-3.571428537,355.946,1/16/15,70338T102,0.1,0.578058,155248.0,1/1/15,1/1/15,53806,100.6141113,0.75,5.715426963,-0.470589237,16 - 18,Priced Below Range,0,7,73,0,5.19,-62.93,0,2016-01-19,368,success,-58.0979157444275,-4.9138484765452
636,PODD,Insulet Corp,21.4,1.5,0.8,125.475,26.298,15.0,6.400000095,394.47,5/15/07,45784P101,-1.0,130.326,90509800.0,5/1/07,4/1/07,51705,101.897221,6.25,4.507395483,0.611071867,14 - 16,Priced Within Range,0,22,42,1,18.0,20.0,1,2008-05-14,365,success,26.5021741975555,6.53039845635478
637,POLA,Polar Power Inc,87.0,-8.3,-1.8,19.32,10.1432,7.0,28.5714283,71.0024,12/7/16,73102V105,-0.7,9.25217,1198120.0,12/1/16,10/1/16,54714,99.66849222,1.25,4.755102955,0.032732139,8-Jul,Priced Within Range,8,43,106,1,37.52,436.0,1,2017-12-07,365,success,418.679190977509,27.255104126507
638,POWW,AMMO Inc,284.5,13.8,6.7,20.6827,60.4412,2.1,9.523814201,126.927,12/1/20,00175J107,0.025395,31.939,37512300.0,12/1/20,10/1/20,57005,99.71018332,0.25,6.897872332,0.094147847,2.29 - 2.29,Priced Below Range,8,42,231,1,6.05,188.1,1,2021-12-01,365,success,160.991914366532,8.39669549150376
639,PRAA,PRA Group Inc,2.5,16.7,3.2,50.7,13.47,13.0,18.84615326,175.11,11/8/02,69354N106,1.8,130.418,50833000.0,11/1/02,10/1/02,46883,98.17044497,0.83,5.99851499,0.0,14-Dec,Priced Within Range,3,26,152,1,9.72,-25.24,0,2003-11-10,367,success,-43.4922364696693,19.7224656719182
640,PRI,Primerica Inc,22.2,13.7,1.7,368.46,75.0,15.0,31.0,1125.0,4/1/10,74164M108,16.6,102.162,37695900.0,4/1/10,4/1/10,50424,99.72769411,0.75,10.14140777,0.173688491,14-Dec,Priced Above Range,3,18,60,1,21.3,42.02,1,2011-04-01,365,success,30.0227189644896,30.2586198746693
641,PRLB,Proto Labs Inc,12.3,6.8,2.5,79.12,23.833,16.0,81.25,381.33,2/24/12,743713109,2.0,98.475,26703400.0,2/1/12,1/1/12,51559,99.86369756,0.75,8.372612628,0.440297355,13 - 15,Priced Above Range,8,50,119,1,44.61,178.81,1,2013-02-25,367,success,169.869060517075,81.0827762409446
642,PRO,PROS Holdings Inc,-0.4,-32.3,-18.4,86.3368,25.7879,11.0,16.81818199,283.67,6/28/07,74346Y103,-0.4,109.197,49490300.0,6/1/07,4/1/07,51705,101.934506,6.25,4.614935452,0.193797518,12-Oct,Priced Within Range,1,5,81,1,11.99,9.0,1,2008-06-27,365,success,21.2028806848014,16.8600055500343
643,PRTS,CarParts.com Inc,31.2,-1.7,-1.4,115.0,29.8329,10.0,19.0,298.33,2/9/07,14427M107,-0.1,95.2614,51974200.0,2/1/07,1/1/07,51492,101.6073514,6.25,4.611606375,0.535036756,12-Oct,Priced Within Range,4,8,138,1,6.0,-40.0,0,2008-02-11,367,success,-32.9662169276617,19.7077213844028
644,PRU,Prudential Financial Inc,24.3,10.8,0.0407368,3478.75,566.3,27.5,6.545454502,15573.2,12/13/01,744320102,25.3,62.7219,230817000.0,12/1/01,10/1/01,46400,98.68610603,1.33,5.760192645,-0.394588501,25 - 30,Priced Within Range,3,18,60,1,15.5,-43.65,0,2002-12-13,365,success,-24.4947549498617,8.10120233107859
645,PSEC,Prospect Capital Corp,12.4,81.9,8.3,113.25,7.0001,15.0,0.0,105.0,7/27/04,74348T102,-2.0,7.56889,30095600.0,7/1/04,7/1/04,49243,100.8035013,2.25,5.557144436,-0.158144439,15 - 15,Priced Within Range,3,24,37,0,1.2,-92.01,0,2005-07-27,365,success,-100.0,-0.992556803156686
646,PSN,Parsons Corp,-6.5,1.7,2.4,575.0,99.4351,27.0,11.37036991,2684.75,5/8/19,70202L102,2.0,103.214,106829000.0,5/1/19,4/1/19,57418,99.50838434,3.0,3.645931768,0.212875859,26 - 28,Priced Within Range,1,1,31,1,37.57,39.15,1,2020-05-07,365,success,39.5313261454541,11.5309124429427
647,PSNL,Personalis Inc,8.7,-76.2,-28.2,154.865,30.9394,17.0,67.58823395,525.97,6/20/19,71535D106,-1.6,78.8892,36266400.0,6/1/19,4/1/19,57418,99.43025865,3.0,3.689126149,0.019914718,14 - 16,Priced Above Range,0,0,0,1,12.45,-26.76,0,2020-06-19,365,success,-32.1526998919171,66.6410154208072
648,PSTG,Pure Storage Inc,29.4,-6.5,-0.4,488.75,28.75,17.0,-5.823529243,425.0,10/7/15,74624M102,1.4,93.946,280822000.0,10/1/15,10/1/15,54045,99.52145458,0.75,5.19705592,-0.044968375,16 - 18,Priced Within Range,1,1,1,0,14.9,-12.35,0,2016-10-06,365,success,-20.0991588667186,-6.62709260144034
649,PSTL,Postal Realty Trust Inc,63.3,5.1,0.7,76.5,5.2856,17.0,0.0,89.8552,5/15/19,73757R102,1.2,77.7879,14791000.0,5/1/19,4/1/19,57418,99.50838434,3.0,3.645931768,0.212875859,19 - 21,Priced Below Range,3,3,50,0,10.96,-35.52,0,2020-05-14,365,success,-36.1920598065951,-0.583897513550613
650,PTCT,PTC Therapeutics Inc,41.4,-97.2,-29.6,144.417,23.8038,15.0,9.933333397,357.057,6/20/13,69366J200,-3.5,118.461,85152000.0,6/1/13,4/1/13,51982,100.5692261,0.75,7.657716977,0.239970809,13 - 16,Priced Within Range,0,21,29,1,26.76,78.4,1,2014-06-20,365,success,55.1792233485755,12.4343685335277
651,PTGX,Protagonist Therapeutics Inc,-4.4,-458.9,-39.7,90.0,14.6586,12.0,-2.5,175.903,8/11/16,7.44E+106,-2.3,102.333,50346300.0,8/1/16,7/1/16,54549,99.24735392,1.0,4.938698083,0.091843011,13-Nov,Priced Within Range,0,13,15,0,11.1,-7.5,0,2017-08-11,365,success,-20.686535570995,-2.97345880915775
652,PTMN,Portman Ridge Finance Corp,87.2,32.5,0.4,216.93,17.9463,15.0,5.733333111,269.19,12/12/06,73688F201,7.2,37.2096,3575440.0,12/1/06,10/1/06,51455,101.3989179,6.25,4.52174096,0.148883375,14 - 16,Priced Within Range,3,24,37,1,11.14,-25.76,0,2007-12-12,365,success,-30.4420512225899,5.83807041207799
653,PTON,Peloton Interactive Inc,-10.9,-78.9,-71.1,1334.0,43.4483,29.0,-11.17241383,1260.0,9/26/19,70614W100,-6.2,80.9064,253656000.0,9/1/19,7/1/19,57845,99.2709694,2.5,3.572134909,0.078344858,26 - 29,Priced Within Range,5,12,233,0,97.73,237.0,1,2020-09-25,365,success,228.291709660356,-10.9295221892982
654,PUBM,PubMatic Inc,52.5,24.9,11.4,135.7,6.1941,20.0,47.25,118.0,12/9/20,74467Q103,1.7,60.3996,26075500.0,12/1/20,10/1/20,57005,99.71018332,0.25,6.897872332,0.094147847,16 - 18,Priced Above Range,1,5,5,1,38.66,93.3,1,2021-12-09,365,success,65.6936944030006,48.0449201701668
655,PUMP,ProPetro Holding Corp,10.8,-6.2,-2.7,402.5,83.0399,14.0,3.571428537,1162.56,3/17/17,74347M108,1.5,83.7548,95852600.0,3/1/17,1/1/17,54866,99.85631202,1.5,4.473768194,0.081279787,16 - 19,Priced Below Range,2,29,46,1,16.66,19.0,1,2018-03-19,367,success,3.4810226847472,3.70286002436342
656,QBAK,Qualstar Corp,-39.7,-15.5,-0.0698742,17.5,12.526,7.0,10.26785755,87.68,6/23/00,74758R307,-0.0602597,0.779221,15000.0,6/1/00,4/1/00,46704,100.6856604,6.0,4.016709703,0.524781341,9-Jul,Priced Within Range,1,1,234,1,33.35,376.4,1,2001-06-25,367,success,390.582641717993,11.0046858772124
657,QLYS,Qualys Inc,13.2,17.2,13.5,104.536,31.1873,12.0,18.0,374.25,9/28/12,74758T303,5.1,101.062,38391300.0,9/1/12,7/1/12,51684,99.65527109,0.75,7.942766623,0.446221227,13-Nov,Priced Within Range,1,1,127,1,21.39,78.25,1,2013-09-30,367,success,61.5300018294821,18.4477752750257
658,QNST,QuinStreet Inc,0.6,-0.9,-3.0,150.0,44.9126,15.0,0.0,673.69,2/11/10,74874Q100,0.5,93.9015,50369100.0,2/1/10,1/1/10,50036,99.50065669,0.75,9.926923507,0.024920738,17 - 19,Priced Below Range,4,8,219,0,23.25,55.0,1,2011-02-11,365,success,32.1806372344511,-0.968043772911331
659,QTNA,Quantenna Communications Inc,25.0,1.4,2.1,108.408,32.8566,16.0,-3.125,525.706,10/28/16,74766D100,0.6,3.12211,1205480.0,10/1/16,10/1/16,54714,99.43029734,1.0,4.98714224,0.124674851,14 - 16,Priced Within Range,4,23,34,0,14.86,-7.13,0,2017-10-30,367,success,-27.5395168834032,-2.81417006344109
660,QTRX,Quanterix Corp,27.9,-52.1,-15.4,73.7475,21.8209,15.0,16.46666718,327.313,12/7/17,74766Q101,-1.3,95.2267,35286000.0,12/1/17,10/1/17,55877,100.3962325,2.0,4.150219646,-0.058783228,14 - 16,Priced Within Range,0,22,32,1,19.5,30.0,1,2018-12-07,365,success,27.7637308039024,16.1734314171703
661,QTWO,Q2 Holdings Inc,23.8,-22.6,-7.5,116.025,33.114,13.0,16.69230843,430.48,3/20/14,74736L109,0.5,118.534,68177100.0,3/1/14,1/1/14,52266,100.6756095,0.75,6.763461499,0.644004413,13-Nov,Priced Within Range,4,8,169,1,21.65,66.54,1,2015-03-20,365,success,54.3878219248411,16.0882579627639
662,RAIL,FreightCar America Inc,87.2,-20.4,-4.9,185.725,12.5327,19.0,10.68421078,238.12,4/6/05,357023100,-2.6,33.9214,5842390.0,4/1/05,4/1/05,50204,100.2832173,3.75,5.242813147,0.672529747,16 - 18,Priced Above Range,8,42,88,1,56.34,196.52,1,2006-04-06,365,success,186.914139013136,10.4573652026738
663,RARE,Ultragenyx Pharmaceutical Inc,29.6,-129.2,-43.7,139.115,29.9259,21.0,101.1904755,628.44,1/31/14,90400D108,-5.0,118.609,83151800.0,1/1/14,1/1/14,52266,100.6279112,0.75,6.630940345,0.372024767,19 - 20,Priced Above Range,0,21,29,1,56.74,170.19,1,2015-02-02,367,success,156.8016135201,101.837005431694
664,RBB,RBB Bancorp,8.2,39.7,1.6,86.25,15.6856,23.0,1.521739125,360.769,7/26/17,74930B105,10.4,40.3585,7672830.0,7/1/17,7/1/17,55413,99.98293814,1.75,4.400611223,-0.068992264,22 - 24,Priced Within Range,3,9,70,1,25.75,11.96,1,2018-07-26,365,success,-1.86539614163163,1.49347274281289
665,RBC,RBC Bearings Inc,54.8,6.9,2.4,152.702,15.468,14.5,5.310344696,224.29,8/10/05,75524B104,6.6,114.785,33307500.0,8/1/05,7/1/05,50470,100.3998318,4.5,4.955369401,0.511770727,14 - 16,Priced Within Range,8,50,119,1,19.9,37.21,1,2006-08-10,365,success,33.7644755373537,5.49306651955276
666,RBCN,Rubicon Technology Inc,-9.0,-17.9,3.9,107.87,19.2396,14.0,25.0,269.35,11/16/07,78112T206,-0.1,27.9238,687729.0,11/1/07,10/1/07,52066,101.5178052,5.0,4.772251125,0.593961787,14-Dec,Priced Within Range,1,4,4,1,3.52,-74.84,0,2008-11-17,367,success,-37.3110355681687,24.4769688953952
667,RBKB,Rhinebeck Bancorp Inc,-2.9,24.6,0.7,47.873,0.0,10.0,17.5,0.0,1/17/19,762093102,0.7,19.6223,2214290.0,1/1/19,1/1/19,57100,99.82040596,3.0,4.005850066,0.190659667,10-Oct,Priced Within Range,3,9,121,1,11.21,12.1,1,2020-01-17,365,success,-12.6852807958489,16.7408599726294
668,RC,Ready Capital Corp,21.8,20.7,2.0,120.062,7.9708,21.25,-6.117647171,169.38,2/8/13,75574U101,-0.5,53.1679,58757400.0,2/1/13,1/1/13,51998,100.169431,0.75,7.762535211,0.819002953,21.25 - 21.25,Priced Within Range,3,3,6,0,4.5,-78.83,0,2014-02-10,367,success,-95.6621326352762,-6.68344122787933
669,RCUS,Arcus Biosciences Inc,393.9,13.8,7.1,138.0,43.7505,15.0,13.33333302,656.258,3/15/18,03969F109,-3.6,93.1018,67412900.0,3/1/18,1/1/18,56195,100.6306862,2.25,4.075548902,0.22611259,13 - 15,Priced Within Range,0,21,29,1,11.67,-22.2,0,2019-03-15,365,success,-24.4257937802842,13.4115260607073
670,REAL,RealReal Inc/The,55.9,-50.4,-29.8,345.0,84.9507,20.0,44.5,1699.01,6/28/19,88339P101,-1.5,85.9076,84245900.0,6/1/19,4/1/19,57418,99.43025865,3.0,3.689126149,0.019914718,17 - 19,Priced Above Range,4,8,138,1,12.83,-35.85,0,2020-06-29,367,success,-40.6770422983961,43.9242547334942
671,REVG,REV Group Inc,4.5,1.8,0.5,316.25,63.6972,22.0,13.63636398,1401.34,1/27/17,749527107,2.5,102.213,60636200.0,1/1/17,1/1/17,54866,99.76074483,1.25,4.769484484,0.582772789,19 - 21,Priced Above Range,5,55,229,1,23.18,5.34,1,2018-01-29,367,success,-18.3913132929273,13.7230104026152
672,REXR,Rexford Industrial Realty Inc,37.1,28.3,2.1,230.328,25.2393,14.0,0.285714299,353.35,7/19/13,76169C100,1.6,105.337,205399000.0,7/1/13,7/1/13,52284,100.6172944,0.75,7.464771304,0.039399753,13 - 15,Priced Within Range,3,3,13,1,10.38,-25.87,0,2014-07-21,367,success,-41.5919789931666,0.12470924930395
673,REYN,Reynolds Consumer Products Inc,8.9,9.1,5.3,1410.38,209.701,26.0,9.807692528,5452.23,1/31/20,76171L106,1.4,36.0667,75690500.0,1/1/20,1/1/20,57279,99.24447302,2.25,3.672894836,0.387976994,25 - 28,Priced Within Range,0,62,236,1,25.84,-0.63,0,2021-02-01,367,success,-18.0492024701803,11.5782745480055
674,RGNX,REGENXBIO Inc,204.3,27.1,8.7,159.39,26.2957,22.0,38.40909195,557.715,9/17/15,75901B107,5.1,95.3586,41284200.0,9/1/15,7/1/15,54081,99.65397112,0.75,5.114117614,-0.155675658,22 - 22,Priced Within Range,0,21,29,1,14.35,-34.77,0,2016-09-16,365,success,-41.5818818378968,38.6651979109232
675,RGP,Resources Connection Inc,27.8,8.3,13.8,78.0,20.63,12.0,33.33333206,247.56,12/15/00,76122Q105,1.5,87.4376,29510900.0,12/1/00,10/1/00,46777,99.18129543,6.0,3.947992115,-0.057438254,14-Dec,Priced Within Range,0,7,73,1,7.51,-37.41,0,2001-12-17,367,success,-25.0188890731903,35.4796058282811
676,RH,RH,31.9,18.3,14.0,142.536,36.9715,24.0,29.58333397,887.32,11/2/12,74967X103,31.1,92.7573,22007300.0,11/1/12,10/1/12,51634,99.80309801,0.75,7.867321051,-0.473808669,22 - 24,Priced Within Range,5,17,210,1,70.47,193.63,1,2013-11-04,367,success,169.422667242144,30.521279410841
677,RKT,Rocket Cos Inc,-17.1,2.3,0.3,2070.0,115.373,18.0,19.5,2076.71,8/6/20,77311W101,-25.1,64.7189,78813800.0,8/1/20,7/1/20,56484,98.41453353,0.25,8.302616451,0.315321052,20 - 22,Priced Below Range,3,26,170,1,15.41,-14.39,0,2021-08-06,365,success,-45.8456566924536,18.8572304614968
678,RLAY,Relay Therapeutics Inc,-96.3,-12012.9,-31.5,460.0,89.8757,20.0,75.25,1797.51,7/16/20,75943R102,-0.7,102.752,124221000.0,7/1/20,7/1/20,56484,97.81746245,0.25,9.875006693,0.50582435,18 - 19,Priced Above Range,0,21,29,1,33.33,66.65,1,2021-07-16,365,success,30.6150291395858,75.5906101482396
679,RLJ,RLJ Lodging Trust,66.0,-38.8,0.1,568.71,106.322,18.0,-1.777777791,1913.8,5/11/11,74965L101,0.2,95.3699,154551000.0,5/1/11,4/1/11,50897,100.0117096,0.75,9.203184599,0.470418753,19 - 21,Priced Below Range,3,3,63,0,10.33,-42.63,0,2012-05-10,365,success,-44.2424236788766,-0.666628212305585
680,RM,Regional Management Corp,14.5,20.7,4.7,72.45,12.4867,15.0,9.666666985,187.3,3/28/12,75902K106,18.8,89.662,8594810.0,3/1/12,1/1/12,51559,99.92363477,0.75,8.317498152,0.759455862,17 - 19,Priced Below Range,3,26,152,1,16.98,13.21,1,2013-03-28,365,success,1.56679543384392,10.1608179280783
681,RMAX,RE/MAX Holdings Inc,23.9,-4.7,1.4,253.0,11.6188,22.0,22.72727203,255.61,10/2/13,75524W108,2.2,101.682,18552400.0,10/1/13,10/1/13,52544,100.65078,0.75,7.416395048,-0.257528326,19 - 21,Priced Above Range,3,34,130,1,22.71,3.25,1,2014-10-02,365,success,-13.1869192926167,22.7939389916519
682,RMBI,Richmond Mutual BanCorp Inc,3.3,25.5,0.9,130.266,0.0,10.0,36.5,0.0,7/2/19,76525P100,-0.8,18.8832,2227310.0,7/1/19,7/1/19,57845,99.35534623,3.0,3.786645109,0.167094162,10-Oct,Priced Within Range,3,9,44,1,8.88,-11.24,0,2020-07-01,365,success,-13.9386111627656,36.207187399122
683,RMP,RM Partners LP,46.1,60.3,8.9,474.375,32.5036,16.5,-1.212121248,474.434,12/17/14,762819100,1.6,0.305117,312207.0,12/1/14,10/1/14,53464,100.70291,0.75,5.685242715,-0.567010091,19 - 21,Priced Below Range,2,29,46,0,9.98,-39.51,0,2015-12-17,365,success,-41.0262288437304,-3.24736285122821
684,RNA,Avidity Biosciences Inc,37.4,-1265.3,-41.5,298.08,37.5108,18.0,58.33333206,675.194,6/12/20,05370A108,-2.2,99.0493,53944800.0,6/1/20,4/1/20,52394,96.38894556,0.25,10.71621054,0.547204693,17 - 18,Priced Within Range,0,21,29,1,25.97,44.28,1,2021-06-14,367,success,4.89335103090848,57.0272476617442
685,RNG,RingCentral Inc,34.7,-23.5,-25.6,112.125,8.625,13.0,40.0,112.12,9/27/13,76680R206,1.6,123.465,106075000.0,9/1/13,7/1/13,52284,100.6503359,0.75,7.388513748,0.116300449,13-Nov,Priced Within Range,1,5,122,1,12.65,-2.69,0,2014-09-29,367,success,-18.900432392493,40.4073801162529
686,RNGR,Ranger Energy Services Inc,56.0,2.9,8.5,85.0005,8.4132,14.5,-1.931034446,121.991,8/11/17,75282U104,-3.3,99.3197,24704700.0,8/1/17,7/1/17,55413,100.05168,1.75,4.476286789,0.29944523,16 - 18,Priced Below Range,2,29,46,0,8.73,-39.78,0,2018-08-13,367,success,-56.6667661149296,-2.05859142631537
687,ROKU,Roku Inc,55.4,8.7,-5.7,252.255,94.7485,14.0,67.85713959,219.352,9/28/17,77543R102,1.7,76.482,93189200.0,9/1/17,7/1/17,55413,100.1379705,1.75,4.316244463,0.529490589,14-Dec,Priced Within Range,4,8,167,1,73.03,421.64,1,2018-09-28,365,success,405.867074145878,67.7366780116837
688,ROOT,Root Inc/OH,-0.4,-150.8,-33.8,724.432,59.9428,27.0,0.0,1618.46,10/28/20,77664L207,-29.1,98.4248,8956660.0,10/1/20,10/1/20,57005,98.98453016,0.25,7.145794405,0.041493776,22 - 25,Priced Above Range,3,18,25,0,86.76,221.33,1,2021-10-28,365,success,181.472218248037,3.52878789504099
689,RPD,Rapid7 Inc,30.1,-27.3,-12.3,118.68,38.7524,16.0,58.0,604.558,7/17/15,753422104,0.9,111.472,66031300.0,7/1/15,7/1/15,54081,99.98278579,0.75,5.338603251,0.006704716,13 - 15,Priced Above Range,1,1,127,1,12.82,-19.88,0,2016-07-18,367,success,-21.6250113261841,57.8893816777908
690,RPRX,Royalty Pharma PLC,7.8,27.0,2.8,2501.35,362.207,28.0,58.92856979,10141.8,6/16/20,N.A.,4.8,84.8429,374246000.0,6/1/20,4/1/20,52394,96.38894556,0.25,10.71621054,0.547204693,25 - 28,Priced Within Range,0,21,29,1,39.38,40.64,1,2021-06-16,365,success,4.46387284645721,57.0323299818969
691,RRBI,Red River Bancshares Inc,1.2,34.2,1.1,31.05,7.3002,45.0,11.66666698,328.509,5/3/19,75686R202,8.5,19.7778,1420820.0,5/1/19,4/1/19,57418,99.50838434,3.0,3.645931768,0.212875859,42 - 46,Priced Within Range,3,9,91,1,35.83,-20.38,0,2020-05-04,367,success,-19.2525722693083,10.7028390436967
692,RRGB,Red Robin Gourmet Burgers Inc,33.7,-4.3,-6.1,65.256,15.0257,12.0,1.833333373,180.31,7/19/02,75689M101,3.0,82.8205,13191700.0,7/1/02,7/1/02,46936,99.02668228,1.25,5.828127275,0.111172874,14 - 16,Priced Below Range,5,17,33,1,20.95,74.58,1,2003-07-21,367,success,58.775814744913,5.6685797194819
693,RRR,Red Rock Resorts Inc,36.8,14.9,7.8,579.289,41.4282,19.5,-4.102564335,759.554,4/27/16,75700L108,8.8,103.562,60066700.0,4/1/16,4/1/16,54334,99.15842228,1.0,5.102375645,0.474106798,18 - 21,Priced Within Range,5,16,239,0,18.32,-6.05,0,2017-04-27,365,success,-20.056644809513,-4.26749960682762
694,RSPP,RSP Permian Inc,132.4,28.3,4.6,448.5,72.5,19.5,3.333333254,1413.75,1/17/14,74978Q105,3.2,0.582368,928428.0,1/1/14,1/1/14,52266,100.6279112,0.75,6.630940345,0.372024767,19 - 21,Priced Within Range,2,28,43,1,26.15,34.1,1,2015-01-20,368,success,25.7261436284772,3.72285071937292
695,RUN,Sunrun Inc,74.5,-4.9,0.4,250.6,96.9739,14.0,-23.0714283,1357.63,8/5/15,86771W105,-3.9,101.37,216023000.0,8/1/15,7/1/15,54081,99.81653966,0.75,5.149624756,-0.141627628,13 - 15,Priced Within Range,2,15,19,0,4.96,-64.57,0,2016-08-04,365,success,-67.2935379173312,-23.3828961973211
696,RVLV,Revolve Group Inc,53.5,11.2,15.4,243.529,12.2059,18.0,88.8888855,219.706,6/7/19,76156B107,0.8,147.527,60100300.0,6/1/19,4/1/19,57418,99.43025865,3.0,3.689126149,0.019914718,16 - 18,Priced Within Range,4,8,138,1,18.67,3.72,1,2020-06-08,367,success,-4.59819425059301,87.839115741535
697,RVMD,REVOLUTION Medicines Inc,-31.6,-636.5,-31.3,273.7,59.0023,17.0,70.0,1003.04,2/13/20,76155X100,-2.0,100.41,89155200.0,2/1/20,1/1/20,57279,99.15001442,2.25,3.567732608,0.274061813,16 - 17,Priced Within Range,0,21,29,1,49.78,192.82,1,2021-02-12,365,success,176.935308767436,70.1630445806238
698,RXT,Rackspace Technology Inc,11.1,-7.2,-3.1,703.5,204.082,21.0,-21.95238113,4285.73,8/5/20,750102105,1.7,104.788,221217000.0,8/1/20,7/1/20,56484,98.41453353,0.25,8.302616451,0.315321052,21 - 24,Priced Within Range,1,5,82,0,17.13,-18.43,0,2021-08-05,365,success,-51.3463336233193,-22.5953554423627
699,RYI,Ryerson Holding Corp,63.7,5.1,20.9,121.0,32.0375,11.0,-6.363636494,352.41,8/8/14,783754104,0.9,96.3087,35646600.0,8/1/14,7/1/14,53340,100.8473576,0.75,6.180879513,-0.167051417,12-Nov,Priced Within Range,8,50,240,0,6.99,-36.42,0,2015-08-10,367,success,-44.2876166098908,-7.5167767623691
700,SABA,Saba Software Inc,6.4,-6.2,-14.6,60.0,42.8512,15.0,120.0,642.77,4/7/00,784932600,0.1,0.0172063,5125.0,4/1/00,4/1/00,46704,100.9656912,5.5,3.86810754,0.058411215,14-Dec,Priced Above Range,1,5,81,1,1.82,-87.87,0,2001-04-09,367,success,-63.8049727453684,119.000225775646
701,SABR,Sabre Corp,26.5,-54.9,-8.8,721.28,264.555,16.0,3.125,4232.88,4/17/14,78573M104,-1.2,118.498,389101000.0,4/1/14,4/1/14,52840,100.7244786,0.75,6.336592395,0.329675445,18 - 20,Priced Below Range,0,7,115,1,21.85,36.58,1,2015-04-17,365,success,23.7028239756269,2.98861470863967
702,SACH,Sachem Capital Corp,63.5,43.7,4.4,13.0,11.1332,5.0,0.800000012,55.666,2/10/17,78590A109,1.0,14.0549,5733780.0,2/1/17,1/1/17,54866,99.82153744,1.25,4.66429894,0.314611739,5-May,Priced Within Range,3,3,6,1,1.49,-70.27,0,2018-02-12,367,success,-81.7073252791944,0.443394978667453
703,SAFE,Safehold Inc,20.3,39.1,2.8,205.0,18.19,20.0,-5.0,363.8,6/22/17,78645L100,0.4,103.111,64121800.0,6/1/17,4/1/17,55057,99.9382068,1.75,4.359433085,0.090711101,19 - 21,Priced Within Range,3,3,50,0,40.28,101.41,1,2018-06-22,365,success,87.7390175395358,-4.95442181009146
704,SAFT,Safety Insurance Group Inc,4.5,14.7,3.5,72.0,14.36,12.0,7.5,172.32,11/22/02,78648T100,9.5,106.215,15653600.0,11/1/02,10/1/02,46883,98.17044497,0.83,5.99851499,0.0,13 - 14,Priced Below Range,3,18,25,1,7.22,-39.82,0,2003-11-24,367,success,-50.8994731665892,7.84377377123781
705,SALE,RetailMeNot Inc,12.5,0.7,-0.3,219.544,50.207,21.0,31.90476227,1054.35,7/19/13,76132B106,0.8,0.00395381,1912.0,7/1/13,7/1/13,52284,100.6172944,0.75,7.464771304,0.039399753,20 - 22,Priced Within Range,4,8,9,1,24.22,15.33,1,2014-07-21,367,success,-0.391978993166608,31.7437572203039
706,SAMG,Silvercrest Asset Management G,21.8,11.1,10.4,60.6023,5.5093,11.0,7.545454502,60.6,6/27/13,828359109,4.5,89.6066,8626840.0,6/1/13,4/1/13,51982,100.5692261,0.75,7.657716977,0.239970809,14-Dec,Priced Below Range,3,26,39,1,10.91,-0.84,0,2014-06-27,365,success,-22.3085152814017,6.92547140892702
707,SAR,Saratoga Investment Corp,22.7,64.6,1.8,108.75,8.29138,15.0,-1.666666627,124.37,3/23/07,80349A208,-17.7,19.7897,2355010.0,3/1/07,1/1/07,51492,101.7155915,6.25,4.449643744,0.910569585,15 - 15,Priced Within Range,3,24,37,0,16.16,7.71,1,2008-03-24,367,success,15.1328280642447,-1.77610560794991
708,SCM,Stellus Capital Investment Cor,12.3,52.7,2.4,120.0,10.8273,15.0,0.533333361,162.41,11/8/12,858568108,-3.9,16.6341,3251300.0,11/1/12,10/1/12,51634,99.80309801,0.75,7.867321051,-0.473808669,15 - 15,Priced Within Range,3,24,37,1,4.07,-72.89,0,2013-11-08,365,success,-100.0,1.75381758479294
709,SCMP,Sucampo Pharmaceuticals Inc,50.1,8.0,-35.6,49.588,16.1005,11.5,6.608695507,185.16,8/2/07,864909106,0.1,0.238949,111438.0,8/1/07,7/1/07,51882,101.8469871,5.75,4.675485691,-0.183390223,14 - 16,Priced Below Range,0,13,15,1,11.86,3.13,1,2008-08-01,365,success,15.8959249596049,6.17276644779027
710,SDGR,Schrodinger Inc/United States,27.6,-72.7,-21.4,232.302,50.0654,17.0,68.47058868,851.112,2/6/20,80810D103,-1.0,98.8228,61342500.0,2/1/20,1/1/20,57279,99.15001442,2.25,3.567732608,0.274061813,14 - 16,Priced Above Range,1,5,22,1,99.63,486.06,1,2021-02-05,365,success,471.582362833137,68.138021389001
711,SEER,Seer Inc,908.6,-1075.5,-16.0,201.25,53.8631,19.0,197.1578979,1023.4,12/4/20,81578P106,-0.7,95.7471,56104500.0,12/1/20,10/1/20,57005,99.71018332,0.25,6.897872332,0.094147847,16 - 18,Priced Above Range,0,21,29,1,22.19,16.79,1,2021-12-06,367,success,-6.94483296649597,196.27427040032
712,SEM,Select Medical Holdings Corp,12.1,6.4,2.3,336.027,159.696,10.0,0.899999976,1596.96,9/25/09,81619Q105,3.0,84.9411,107861000.0,9/1/09,7/1/09,49473,97.75545488,0.5,9.999140225,0.062548069,13-Nov,Priced Below Range,0,0,56,1,3.08,-69.25,0,2010-09-27,367,success,-76.9531301456217,1.50907359972415
713,SEND,SendGrid Inc,39.9,-5.5,-3.4,150.88,0.0,16.0,12.5,0.0,11/15/17,816883102,1.4,0.0654438,31190.0,11/1/17,10/1/17,55877,100.3158857,1.75,4.25663681,0.002432469,13.50 - 15.50,Priced Above Range,1,5,82,1,43.22,170.13,1,2018-11-15,365,success,163.986407272345,13.0525675723668
714,SENS,Senseonics Holdings Inc,176.3,-2211.8,106.8,49.02,92.9601,2.85,21.05263519,264.936,3/18/16,81727U105,-0.1,24.2624,116037000.0,3/1/16,1/1/16,54267,99.15532342,1.0,5.085179368,0.430600014,2.85 - 2.85,Priced Within Range,0,13,162,1,1.91,-32.98,0,2017-03-20,367,success,-49.1686724291238,20.6120708360733
715,SEP,Spectra Energy Partners LP,-23.0,31.2,2.9,253.0,44.6299,22.0,30.22727203,981.86,6/27/07,84756N109,5.1,0.0700392,339618.0,6/1/07,4/1/07,51705,101.934506,6.25,4.614935452,0.193797518,19 - 21,Priced Above Range,2,2,2,1,12.7,-42.28,0,2008-06-26,365,success,-29.5305588821375,29.3263382127154
716,SFBS,ServisFirst Bancshares Inc,7.3,49.7,1.6,56.875,8.1748,91.0,-6.593406677,743.91,5/14/14,81768T108,4.9,72.436,39350400.0,5/1/14,4/1/14,52840,100.7710708,0.75,6.397136369,0.349260984,91 - 93,Priced Within Range,3,9,91,0,15.29,-83.2,0,2015-05-14,365,success,-94.351005531615,-6.12330616155299
717,SFIX,Stitch Fix Inc,-1.3,-9.9,-26.1,138.0,9.2,15.0,1.0,138.0,11/17/17,860897107,0.5,98.9971,84546500.0,11/1/17,10/1/17,55877,100.3158857,1.75,4.25663681,0.002432469,15 - 16,Priced Within Range,4,8,138,1,24.8,65.33,1,2018-11-19,367,success,59.4611108731222,1.26259631197607
718,SFM,Sprouts Farmers Market Inc,-5.7,4.0,8.4,382.95,146.434,18.0,122.8333359,2635.81,8/1/13,85208M102,3.1,117.871,124769000.0,8/1/13,7/1/13,52284,100.641767,0.75,7.391202966,0.120293156,14 - 16,Priced Above Range,0,10,53,1,29.94,66.33,1,2014-08-01,365,success,50.9099649785278,121.579278889043
719,SGMO,Sangamo Therapeutics Inc,-6.3,-161.0,-26.0,52.5,22.3001,15.0,0.416666657,334.5,4/6/00,800677106,-1.6,57.7955,94715300.0,4/1/00,4/1/00,46704,100.9656912,5.5,3.86810754,0.058411215,15 - 17,Priced Within Range,0,21,29,1,9.25,-38.33,0,2001-04-06,365,success,-11.8143556412725,-0.522573145265868
720,SGRY,Surgery Partners Inc,19.6,-3.1,-0.5,301.235,48.157,19.0,-4.6842103,914.983,10/1/15,86881A100,1.2,106.903,96160200.0,10/1/15,10/1/15,54045,99.52145458,0.75,5.19705592,-0.044968375,23 - 26,Priced Below Range,0,0,56,0,20.24,6.53,1,2016-09-30,365,success,-6.33763719830981,-4.88159872324117
721,SHAK,Shake Shack Inc,41.5,-1.1,-1.5,120.75,12.0581,21.0,118.5714264,253.22,1/30/15,819047101,1.4,97.542,38314400.0,1/1/15,1/1/15,53806,100.6141113,0.75,5.715426963,-0.470589237,17 - 19,Priced Above Range,5,17,33,1,36.55,74.05,1,2016-02-01,367,success,79.144261400279,119.870622936797
722,SHC,Sotera Health Co,13.8,12.5,4.4,1232.57,284.422,23.0,9.13043499,6541.71,11/20/20,83601L102,1.0,89.5671,252681000.0,11/1/20,10/1/20,57005,99.33764341,0.25,6.992358599,-0.061062722,20 - 23,Priced Within Range,0,0,0,1,21.97,-4.48,0,2021-11-22,367,success,-36.7213799261811,9.80969127806378
723,SHO,Sunstone Hotel Investors Inc,90.0,6.7,6.7,412.505,38.2182,17.0,0.0,649.71,10/21/04,867892101,0.1,134.426,282831000.0,10/1/04,10/1/04,49623,100.5370284,2.75,5.523151518,0.526592944,18 - 20,Priced Below Range,3,3,63,0,10.09,-40.63,0,2005-10-21,365,success,-47.1054336367742,-0.25641555486462
724,SIBN,SI-BONE Inc,22.8,-62.7,-36.6,124.2,22.8732,15.0,33.73333359,343.098,10/17/18,825704109,-1.1,107.061,36932100.0,10/1/18,10/1/18,56851,100.2681725,2.75,3.822420119,0.176676346,13 - 15,Priced Within Range,0,22,61,1,15.78,5.2,1,2019-10-17,365,success,-1.22458137716961,33.758599826039
725,SIR,Select Income REIT,1.3,14.2,1.6,197.8,31.2,21.5,1.162790656,670.8,3/7/12,81618T100,2.4,0.318205,284954.0,3/1/12,1/1/12,51559,99.92363477,0.75,8.317498152,0.759455862,21 - 23,Priced Within Range,3,3,230,1,0.18,-99.16,0,2013-03-07,365,success,-100.0,0.472728416279499
726,SITE,SiteOne Landscape Supply Inc,28.5,6.8,11.4,241.5,39.5422,21.0,27.0,830.386,5/12/16,82982L103,4.7,121.614,54851200.0,5/1/16,4/1/16,54334,99.17131936,1.0,4.882282302,0.4045791,20 - 22,Priced Within Range,5,58,197,1,49.02,133.43,1,2017-05-12,365,success,117.17506404178,27.0169465141785
727,SITM,SiTime Corp,88.3,14.7,8.0,64.285,14.945,13.0,43.46154022,194.285,11/21/19,82982T106,3.1,85.7948,18394000.0,11/1/19,10/1/19,58017,99.29162222,2.25,3.618104556,-0.053624303,13 - 15,Priced Within Range,1,4,4,1,82.3,533.08,1,2020-11-20,365,success,518.121275634724,43.6198154450866
728,SLAB,Silicon Laboratories Inc,41.0,293.7,2.1,99.2,46.5781,31.0,123.7903214,1443.92,3/24/00,826919102,2.1,120.246,40021300.0,3/1/00,1/1/00,45983,101.071946,5.34,4.089661605,0.824499411,21 - 23,Priced Above Range,1,4,4,1,18.8,-39.36,0,2001-03-26,367,success,-12.5259084057654,123.783120365415
729,SLQT,Selectquote Inc,-17.8,-38.9,-22.0,655.5,161.817,20.0,35.0,3236.34,5/21/20,816307300,-2.0,66.1378,110094000.0,5/1/20,4/1/20,52394,94.70713847,0.25,13.66734626,0.001950162,17 - 19,Priced Above Range,3,18,118,1,20.6,3.0,1,2021-05-21,365,success,-36.5850840608135,35.7773596188001
730,SLRC,SLR Investment Corp,14.4,42.7,0.2,105.097,32.9309,18.5,-2.702702761,609.22,2/9/10,83413U100,-3.2,43.833,24008500.0,2/1/10,1/1/10,50036,99.50065669,0.75,9.926923507,0.024920738,19 - 21,Priced Below Range,3,24,37,0,6.39,-65.44,0,2011-02-09,365,success,-87.8917029583436,-4.00671605948413
731,SMCI,Super Micro Computer Inc,46.0,5.4,15.5,73.6,28.6232,8.0,9.5,228.99,3/29/07,86800U104,-8.5,76.6171,40548000.0,3/1/07,1/1/07,51492,101.7155915,6.25,4.449643744,0.910569585,9.50 - 11.50,Priced Below Range,1,1,21,1,0.83,-89.63,0,2008-03-28,365,success,-82.827330318009,9.12602759786383
732,SNAP,Snap Inc,64.2,-11.8,-14.5,3910.0,677.184,17.0,44.0,19673.6,3/2/17,83304A106,0.1,66.2729,900540000.0,3/1/17,1/1/17,54866,99.85631202,1.5,4.473768194,0.081279787,14 - 16,Priced Above Range,4,8,167,1,18.01,5.94,1,2018-03-02,365,success,-7.99456400168602,44.585988047736
733,SND,Smart Sand Inc,3.5,-40.0,-6.7,148.005,35.1162,11.0,-0.090909094,386.278,11/4/16,83191H107,0.7,31.6211,14317000.0,11/1/16,10/1/16,54714,99.55138763,1.0,4.782101766,-0.155546087,15 - 18,Priced Below Range,2,29,161,0,6.56,-40.32,0,2017-11-06,367,success,-64.0431405505393,0.075703956789477
734,SNDR,Schneider National Inc,23.1,7.2,11.7,612.75,93.8119,19.0,0.0,3297.23,4/6/17,80689H102,3.1,57.3916,54512100.0,4/1/17,4/1/17,55057,99.87725138,1.5,4.433586626,0.296553337,18 - 20,Priced Within Range,8,54,212,0,20.72,9.03,1,2018-04-06,365,success,-3.92233911046214,-0.192950937952174
735,SNDX,Syndax Pharmaceuticals Inc,9109.5,17.8,-4.6,57.714,17.7822,12.0,0.083333336,208.472,3/3/16,87164F105,0.5,108.435,65303200.0,3/1/16,1/1/16,54267,99.15532342,1.0,5.085179368,0.430600014,14 - 16,Priced Below Range,0,21,29,1,12.21,1.75,1,2017-03-03,365,success,-18.4446389160874,-0.26654071929654
736,SNMX,Senomyx Inc,27.2,-4.3,-11.7,38.7,24.6778,6.0,12.5,148.07,6/22/04,81724Q107,0.0431208,0.470319,230363.0,6/1/04,4/1/04,48905,100.8993806,2.25,5.646463306,0.317292438,7-Jun,Priced Within Range,0,10,11,1,15.59,159.83,1,2005-06-22,365,success,152.553096188693,12.1363810650423
737,SNOW,Snowflake Inc,105.9,-55.7,-10.3,3864.0,40.4087,120.0,111.6083298,4849.04,9/16/20,833445109,0.3,76.12,243584000.0,9/1/20,7/1/20,56484,98.66695103,0.25,8.083785823,0.139274694,100 - 110,Priced Above Range,1,5,82,1,323.52,169.6,1,2021-09-16,365,success,138.361986651155,112.070224461482
738,SNX,TD SYNNEX Corp,58.2,1.2,2.7,82.012,25.6678,14.5,-2.068965435,372.18,11/25/03,87162W100,13.0,95.2902,91050200.0,11/1/03,10/1/03,48450,100.3145817,2.0,5.962766689,-0.27027027,14 - 16,Priced Within Range,8,31,248,0,9.53,-34.28,0,2004-11-24,365,success,-45.9557844033659,-2.24101119917194
739,SOHO,Sotherly Hotels Inc,78.4,-20.5,1.7,60.0,6.004,10.0,0.0,60.04,12/17/04,83600C103,0.1,23.0644,4371060.0,12/1/04,10/1/04,49623,100.4972747,3.25,5.46561248,-0.366492147,11-Sep,Priced Within Range,3,3,63,0,4.28,-57.19,0,2005-12-19,367,success,-63.7667913433786,0.748831067897049
740,SONM,Sonim Technologies Inc,-14.7,-70.7,-87.2,45.1781,20.0153,11.0,-0.090909094,220.168,5/10/19,83548F200,-4.0,2.97882,1216470.0,5/1/19,4/1/19,57418,99.50838434,3.0,3.645931768,0.212875859,13 - 15,Priced Below Range,4,23,34,0,98.4,794.55,1,2020-05-11,367,success,794.557286770568,-0.462938797624488
741,SONO,Sonos Inc,29.4,9.2,10.5,239.583,99.2179,15.0,32.73333359,1488.27,8/2/18,83570H108,2.0,90.6622,115370000.0,8/1/18,7/1/18,56831,100.5227439,2.5,3.835982303,0.055554233,17 - 19,Priced Below Range,5,44,146,1,10.47,-30.2,0,2019-08-02,365,success,-34.6687038608925,32.2406890840402
742,SPFI,South Plains Financial Inc,-3.0,26.7,1.5,68.0225,17.9785,17.5,1.200000048,314.624,5/9/19,83946P107,1.0,27.2082,4625350.0,5/1/19,4/1/19,57418,99.50838434,3.0,3.645931768,0.212875859,17.50 - 19.50,Priced Within Range,3,9,70,1,11.84,-32.32,0,2020-05-08,365,success,-31.5431896797572,1.50214253626746
743,SPR,Spirit AeroSystems Holdings In,16.1,-13.6,-5.8,1646.99,63.3458,26.0,11.53846169,1646.99,11/21/06,848574109,-0.6,92.3206,97170800.0,11/1/06,10/1/06,51455,101.2916395,6.25,4.568466443,-0.148662042,23 - 25,Priced Above Range,8,45,98,1,31.91,22.73,1,2007-11-21,365,success,20.1002860367071,11.3735163847519
744,SPRO,Spero Therapeutics Inc,95.6,-491.6,-123.6,83.601,14.3692,14.0,-17.8571434,201.169,11/2/17,84833T103,-2.0,40.4729,20955300.0,11/1/17,10/1/17,55877,100.3158857,1.75,4.25663681,0.002432469,14 - 16,Priced Within Range,0,13,15,0,8.58,-38.71,0,2018-11-02,365,success,-43.8223083508707,-17.8761400107745
745,SPSC,SPS Commerce Inc,23.2,11.5,8.4,56.5343,11.5354,12.0,13.33333302,138.42,4/22/10,78463M107,3.1,107.734,38829100.0,4/1/10,4/1/10,50424,99.72769411,0.75,10.14140777,0.173688491,13-Nov,Priced Within Range,1,5,81,1,7.51,-37.38,0,2011-04-25,368,success,-45.3614976369184,13.1069450460072
746,SPT,Sprout Social Inc,41.3,-15.2,-18.2,160.703,0.0,17.0,-2.352941275,0.0,12/13/19,85209W109,0.2,107.227,50677300.0,12/1/19,10/1/19,58017,99.28850897,2.25,3.589843424,-0.090976953,16 - 18,Priced Within Range,1,5,5,0,51.99,205.82,1,2020-12-14,367,success,190.063245352209,-2.36019947018157
747,SPWH,Sportsman's Warehouse Holdings,3.7,7.2,12.0,132.05,41.6252,9.5,2.631578922,395.44,4/17/14,84920Y106,-0.4,123.968,48184100.0,4/1/14,4/1/14,52840,100.7244786,0.75,6.336592395,0.329675445,13-Nov,Priced Below Range,5,17,92,1,9.25,-2.63,0,2015-04-17,365,success,-15.5071760243731,2.49519363063967
748,SRRK,Scholar Rock Holding Corp,22.1,-700.4,-33.1,86.296,25.2445,14.0,10.71428585,353.423,5/24/18,80706P103,-3.4,104.298,53883700.0,5/1/18,4/1/18,56512,100.6574226,2.25,3.818462099,0.415891693,13 - 15,Priced Within Range,0,21,29,1,19.43,38.79,1,2019-05-24,365,success,35.3263529176454,10.916607188793
749,SSBI,Summit State Bank,14.6,34.5,1.6,21.4905,0.0,15.0,0.0,0.0,7/14/06,866264203,7.7,16.1662,1081180.0,7/1/06,7/1/06,51155,101.0396636,6.25,4.811447274,0.295712173,14 - 16,Priced Within Range,3,9,70,0,4.06,-72.92,0,2007-07-16,367,success,-98.5064796584189,0.489428941789738
750,SSNC,SS&C Technologies Holdings Inc,8.2,15.8,4.1,185.007,69.1912,15.0,0.533333361,1037.87,3/31/10,78467J100,5.5,103.179,259918000.0,3/1/10,1/1/10,50036,99.66080144,0.75,10.04712856,0.410628354,13 - 15,Priced Within Range,1,5,81,1,9.16,-38.93,0,2011-03-31,365,success,-50.9666230129399,0.860620851052797
751,SSSS,SuRo Capital Corp,-19.3,9999.1,-17.0,50.25,3.35,15.0,-2.666666746,50.25,4/28/11,86887Q109,7.1,14.6727,4157320.0,4/1/11,4/1/11,50897,100.1934599,0.75,9.277005673,0.643942954,15 - 15,Priced Within Range,3,41,201,0,5.88,-60.83,0,2012-04-27,365,success,-63.0505369754871,-3.02220912971831
752,SSTI,ShotSpotter Inc,27.1,-7.6,-1.0,35.42,9.5329,11.0,30.72727203,104.862,6/7/17,82536T107,0.8,57.4451,7005980.0,6/1/17,4/1/17,55057,99.9382068,1.75,4.359433085,0.090711101,12-Oct,Priced Within Range,0,7,58,1,36.37,230.64,1,2018-06-07,365,success,217.666633490818,30.5704462847256
753,SSTK,Shutterstock Inc,16.0,11.8,10.2,87.975,33.5133,17.0,27.41176414,569.73,10/11/12,825690100,5.9,79.5257,28482200.0,10/1/12,10/1/12,51634,99.71850812,0.75,8.014015423,-0.038892514,13 - 15,Priced Above Range,4,8,9,1,57.86,240.36,1,2013-10-11,365,success,221.49118063319,27.3922252035176
754,STAG,STAG Industrial Inc,16.2,34.2,4.1,205.562,21.6339,13.0,-5.769230843,281.24,4/15/11,85254J102,2.0,90.1244,161518000.0,4/1/11,4/1/11,50897,100.1934599,0.75,9.277005673,0.643942954,15 - 17,Priced Below Range,3,3,13,0,6.79,-47.79,0,2012-04-16,367,success,-51.622743841713,-6.16177214488142
755,STEL,Stellar Bancorp Inc,-3.3,24.9,0.8,71.76,24.8231,26.0,10.42307663,645.401,11/8/17,858927106,1.4,38.0393,19893700.0,11/1/17,10/1/17,55877,100.3158857,1.75,4.25663681,0.002432469,24 - 26,Priced Within Range,3,9,121,1,30.13,15.89,1,2018-11-08,365,success,9.6815773609165,10.2787111390607
756,STIM,Neuronetics Inc,12.3,-56.3,-27.8,107.525,17.5706,17.0,63.41176605,284.675,6/28/18,64131A105,-1.1,81.8422,22278700.0,6/1/18,4/1/18,56512,100.6340823,2.5,4.03458096,0.15938757,14 - 16,Priced Above Range,0,0,0,1,12.51,-26.41,0,2019-06-28,365,success,-34.0898987769754,62.7938970559932
757,STRO,Sutro Biopharma Inc,44.8,-170.5,-31.7,85.005,22.8236,15.0,1.333333373,342.354,9/27/18,869367102,-1.7,85.6075,49203300.0,9/1/18,7/1/18,56831,100.4151294,2.75,3.746935562,0.116202518,14 - 16,Priced Within Range,0,21,29,1,9.33,-37.8,0,2019-09-27,365,success,-39.9832572752231,1.05700467448847
758,STTK,Shattuck Labs Inc,202.1,-149.8,-21.3,232.302,41.7443,17.0,13.82352924,709.653,10/9/20,82024L103,-1.3,52.9738,22455900.0,10/1/20,10/1/20,57005,98.98453016,0.25,7.145794405,0.041493776,14 - 16,Priced Above Range,0,21,29,1,20.31,19.47,1,2021-10-11,367,success,-7.0638727054776,12.9441759120405
759,STWD,Starwood Property Trust Inc,12.7,30.0,0.9,931.5,48.4575,20.0,0.0,969.15,8/12/09,85571B105,-3.4,47.5806,147302000.0,8/1/09,7/1/09,49473,97.28828582,0.5,9.719974615,0.224285004,20 - 20,Priced Within Range,3,3,6,0,3.89,-80.53,0,2010-08-12,365,success,-91.9884326293404,-1.15251397206348
760,STXS,Stereotaxis Inc,31.5,-30.6,-30.1,47.6988,26.634,8.0,-2.25,213.07,8/12/04,85916J409,-0.0389886,48.3627,36197000.0,8/1/04,7/1/04,49243,100.6961111,2.5,5.45422641,0.05279831,10-Aug,Priced Within Range,0,22,78,0,82.85,935.58,1,2005-08-12,365,success,919.764980844878,-1.08248045207083
761,SUN,Sunoco LP,64.3,2.9,8.5,223.962,10.9394,20.5,11.75609779,224.26,9/20/12,86765K109,6.5,30.6568,25679100.0,9/1/12,7/1/12,51684,99.65527109,0.75,7.942766623,0.446221227,19 - 21,Priced Within Range,2,28,68,1,10.74,-47.59,0,2013-09-20,365,success,-64.6862720536324,11.8101711600766
762,SUPN,Supernus Pharmaceuticals Inc,11.4,9.2,3.5,52.2463,24.3613,5.0,7.400000095,121.81,5/1/12,868459108,2.3,108.888,58862900.0,5/1/12,4/1/12,51702,99.83138197,0.75,8.313429668,-0.117347937,5-May,Priced Within Range,0,13,15,1,4.99,-0.2,0,2013-05-01,365,success,-12.7819814623686,6.83416167853435
763,SXC,SunCoke Energy Inc,9.2,2.9,6.2,213.44,70.0,16.0,6.25,1120.0,7/21/11,86722A103,2.8,91.384,76216400.0,7/1/11,7/1/11,50769,99.50703914,0.75,9.061306168,0.088604567,15 - 17,Priced Within Range,2,35,62,1,11.19,-30.04,0,2012-07-20,365,success,-32.1965693513381,4.89538078044331
764,SYF,Synchrony Financial,-4.3,26.8,3.3,2955.36,833.765,23.0,0.0,19176.6,7/31/14,87165B103,12.5,120.334,542154000.0,7/1/14,7/1/14,53340,100.8354317,0.75,6.275748001,-0.039019396,23 - 26,Priced Within Range,3,26,152,0,27.53,19.7,1,2015-07-31,365,success,10.485581174118,1.99992401691103
765,SYNA,Synaptics Inc,29.8,14.8,12.2,63.25,22.7821,11.0,19.18181801,250.6,1/28/02,87157D109,11.8,103.689,41341700.0,1/1/02,1/1/02,46683,98.96474354,1.25,5.793320266,0.226372383,11-Sep,Priced Within Range,1,4,4,1,4.8,-56.36,0,2003-01-28,365,success,-32.3842158001971,19.2012280405636
766,TCBI,Texas Capital Bancshares Inc,-18.3,28.0,0.5,75.9,24.4264,11.0,9.0,268.69,8/13/03,88224Q107,13.0,112.82,56296200.0,8/1/03,7/1/03,48012,99.24404837,2.0,6.125750534,0.380641653,12-Oct,Priced Within Range,3,9,44,1,15.65,42.27,1,2004-08-12,365,success,32.9450803361891,9.6381528202867
767,TCMD,Tactile Systems Technology Inc,11.1,-5.6,-12.0,41.2,16.769,10.0,10.80000019,167.69,7/28/16,87357P100,0.1,103.871,20934900.0,7/1/16,7/1/16,54549,99.20439166,1.0,4.892736309,-0.16181364,10-Oct,Priced Within Range,0,22,61,1,30.03,200.3,1,2017-07-28,365,success,186.117442345728,10.639379263253
768,TCPC,BlackRock TCP Capital Corp,-4.0,81.0,3.9,84.8125,21.4756,14.75,-1.355932236,316.77,4/4/12,9.26E+111,-1.4,32.9403,19028700.0,4/1/12,4/1/12,51702,99.90659148,0.75,8.305796918,0.30210295,14.75 - 14.75,Priced Within Range,3,24,37,0,3.92,-73.43,0,2013-04-04,365,success,-84.4610568066358,-0.335679795114506
769,TDG,TransDigm Group Inc,-5.9,14.1,4.2,264.551,45.8448,21.0,14.76190472,962.74,3/15/06,893641100,16.2,117.854,64082600.0,3/1/06,1/1/06,51200,101.1999495,5.75,4.755322261,0.55359839,20 - 22,Priced Within Range,8,45,98,1,11.81,-43.79,0,2007-03-15,365,success,-50.2480760624077,14.334920097085
770,TDOC,Teladoc Health Inc,85.8,-21.0,-76.5,180.262,38.2838,19.0,50.0,703.88,7/1/15,87918A105,1.2,101.005,163554000.0,7/1/15,7/1/15,54081,99.98278579,0.75,5.338603251,0.006704716,15 - 17,Priced Above Range,0,0,35,1,16.02,-15.68,0,2016-06-30,365,success,-13.6905150835268,49.3063959625108
771,TELA,Tela Bio Inc,61.7,-112.9,-64.7,52.0,11.0068,13.0,2.692307711,143.088,11/8/19,872381108,-2.1,102.634,19663700.0,11/1/19,10/1/19,58017,99.29162222,2.25,3.618104556,-0.053624303,14 - 16,Priced Below Range,0,21,29,1,16.82,29.38,1,2020-11-09,367,success,15.8863347060231,2.43624011772745
772,TENB,Tenable Holdings Inc,22.9,-8.6,-6.5,288.305,92.7145,23.0,31.52173996,2132.43,7/26/18,88025T102,0.9,97.0136,109154000.0,7/1/18,7/1/18,56831,100.5899154,2.5,3.862981324,0.006746326,20 - 22,Priced Above Range,1,1,127,1,31.08,35.13,1,2019-07-26,365,success,29.271550677495,31.8249695641139
773,TEP,Tallgrass Energy Partners LP,9.4,28.6,4.1,313.9,25.85,21.5,0.0,555.77,5/14/13,874697105,3.8,0.788521,577233.0,5/1/13,4/1/13,51982,100.4875479,0.75,7.705884828,0.178040777,21 - 23,Priced Within Range,2,2,2,0,28.2,31.14,1,2014-05-14,365,success,16.2151928042443,-1.01421533001322
774,THR,Thermon Group Holdings Inc,28.7,5.6,5.8,127.8,29.51,12.0,2.333333254,354.12,5/5/11,88362T103,0.8,102.154,34214700.0,5/1/11,4/1/11,50897,100.0117096,0.75,9.203184599,0.470418753,14-Dec,Priced Within Range,8,36,164,1,21.88,82.33,1,2012-05-04,365,success,77.2959138485371,3.2403167835083
775,TITN,Titan Machinery Inc,21.3,3.8,9.0,58.65,12.2289,8.5,11.52941132,103.95,12/6/07,88830R101,7.1,87.8039,19815500.0,12/1/07,10/1/07,52066,101.4058565,4.75,5.050630757,-0.067086313,7.50 - 9.50,Priced Within Range,5,58,197,1,10.59,24.59,1,2008-12-05,365,success,66.823337545566,10.0257207152478
776,TLS,Telos Corp,34.7,-17.7,-15.8,292.641,62.0853,17.0,19.35294151,1055.45,11/19/20,87969B101,0.1,67.4849,45357000.0,11/1/20,10/1/20,57005,99.33764341,0.25,6.992358599,-0.061062722,16 - 18,Priced Within Range,1,1,21,1,18.83,10.76,1,2021-11-19,365,success,-20.1400541294613,18.9582972667545
777,TLYS,Tilly's Inc,45.9,8.2,7.1,142.6,8.0,15.5,8.451612473,124.0,5/4/12,886885102,2.0,84.1695,19194500.0,5/1/12,4/1/12,51702,99.83138197,0.75,8.313429668,-0.117347937,11.50 - 13.50,Priced Above Range,5,17,23,1,10.05,-35.18,0,2013-05-06,367,success,-53.3233078923668,10.0663333186599
778,TMDX,TransMedics Group Inc,18.0,-146.1,-20.7,104.696,20.0996,16.0,39.75,321.594,5/2/19,89377M109,-1.0,105.981,33833600.0,5/1/19,4/1/19,57418,99.50838434,3.0,3.645931768,0.212875859,15 - 17,Priced Within Range,0,21,29,1,16.59,3.69,1,2020-05-01,365,success,2.93627800840249,39.9623985471463
779,TMHC,Taylor Morrison Home Corp,22.3,8.8,12.3,722.854,28.572,22.0,4.727272511,628.58,4/10/13,87724P106,2.9,103.387,112017000.0,4/1/13,4/1/13,51982,100.384401,0.75,7.675765434,-0.103963948,20 - 22,Priced Within Range,5,51,131,1,23.41,6.41,1,2014-04-10,365,success,-9.79615987864635,3.5083592576842
780,TMUS,T-Mobile US Inc,17.1,3.7,0.7,1322.5,346.248,23.0,19.13043404,7963.7,4/18/07,872590104,14.4,44.3545,551838000.0,4/1/07,4/1/07,51705,101.8191092,6.25,4.572674984,0.649616269,19 - 21,Priced Above Range,4,23,254,1,30.57,32.91,1,2008-04-17,365,success,42.2865667911715,19.0611147142964
781,TNDM,Tandem Diabetes Care Inc,40.8,2.2,-7.1,138.0,22.578,15.0,28.39999962,338.67,11/14/13,875372203,1.7,112.349,72238900.0,11/1/13,10/1/13,52544,100.6507643,0.75,7.112790148,-0.204242419,13 - 15,Priced Within Range,0,22,241,1,149.7,898.0,1,2014-11-14,365,success,884.170711502638,27.9162737501908
782,TNET,TriNet Group Inc,12.5,7.4,12.2,276.0,68.3252,16.0,19.375,1093.2,3/27/14,896288107,3.3,99.3042,61797100.0,3/1/14,1/1/14,52266,100.6756095,0.75,6.763461499,0.644004413,15 - 17,Priced Within Range,0,7,73,1,34.51,115.71,1,2015-03-27,365,success,104.244049802693,19.5650084147285
783,TPB,Turning Point Brands Inc,9.9,11.6,6.4,54.0,15.956,10.0,1.200000048,159.56,5/11/16,90041L105,3.6,99.2885,17439000.0,5/1/16,4/1/16,54334,99.17131936,1.0,4.882282302,0.4045791,13 - 15,Priced Below Range,0,49,189,1,15.19,51.9,1,2017-05-11,365,success,35.7960325082323,2.15615187290236
784,TPH,Tri Pointe Homes Inc,22.1,11.7,11.8,267.621,31.5979,17.0,12.05882359,537.16,1/31/13,87265H109,3.7,121.896,123010000.0,1/1/13,1/1/13,51998,100.0401909,0.75,8.002806341,0.295730419,14 - 16,Priced Above Range,5,51,131,1,17.64,3.76,1,2014-01-31,365,success,-14.6692187332294,12.3151537252878
785,TPIC,TPI Composites Inc,3.7,-9.2,-11.5,79.0625,33.7369,11.0,23.27272797,371.106,7/22/16,87266J104,-0.6,105.916,44433000.0,7/1/16,7/1/16,54549,99.20439166,1.0,4.892736309,-0.16181364,12-Nov,Priced Within Range,2,15,19,1,18.37,67.0,1,2017-07-24,367,success,53.2797332440876,22.8173315182106
786,TPR,Tapestry Inc,16.3,12.8,10.9,118.08,42.4063,16.0,26.953125,678.5,10/5/00,876030107,3.2,102.988,248161000.0,10/1/00,10/1/00,46777,99.82727924,6.0,3.921346643,0.172711572,14 - 16,Priced Within Range,5,25,38,1,2.03,-87.34,0,2001-10-05,365,success,-60.9154851883414,26.8164690882234
787,TPVG,TriplePoint Venture Growth BDC,-4.1,87.6,0.6,143.749,9.842,15.0,4.333333492,147.63,3/6/14,89677Y100,-4.6,26.9865,9521380.0,3/1/14,1/1/14,52266,100.6756095,0.75,6.763461499,0.644004413,15 - 15,Priced Within Range,3,24,37,1,3.84,-74.43,0,2015-03-06,365,success,-86.2305570810183,4.16149270245283
788,TRGP,Targa Resources Corp,105.2,0.4,3.1,414.289,44.7483,22.0,12.27272701,984.46,12/7/10,87612G101,10.0,104.764,237161000.0,12/1/10,10/1/10,50859,100.0833654,0.75,9.571029496,0.171844079,19 - 21,Priced Above Range,2,2,2,1,20.93,-4.85,0,2011-12-07,365,success,-6.52763260469866,12.2212189811414
789,TRNO,Terreno Realty Corp,18.7,39.3,6.1,175.0,15.6245,20.0,-6.75,312.49,2/10/10,88146M101,1.8,117.215,89161900.0,2/1/10,1/1/10,50036,99.50065669,0.75,9.926923507,0.024920738,20 - 20,Priced Within Range,3,3,13,0,12.15,-39.26,0,2011-02-10,365,success,-62.7515265768608,-6.52674261523853
790,TRS,TriMas Corp,11.3,6.6,4.7,139.15,33.4095,11.0,6.818181992,367.5,5/18/07,896215209,3.1,116.099,48720700.0,5/1/07,4/1/07,51705,101.897221,6.25,4.507395483,0.611071867,13-Nov,Priced Within Range,8,48,107,1,5.48,-50.22,0,2008-05-19,367,success,-43.7067802331308,6.15713423129929
791,TRTX,TPG RE Finance Trust Inc,-15.3,57.5,-0.9,233.0,60.1265,20.0,-2.099999905,1202.53,7/20/17,87266M107,1.7,75.3177,58300900.0,7/1/17,7/1/17,55413,99.98293814,1.75,4.400611223,-0.068992264,20 - 21,Priced Within Range,3,3,6,0,8.15,-59.26,0,2018-07-20,365,success,-73.0937210284632,-2.08463397492338
792,TRU,TransUnion,16.9,46.8,12.8,764.489,182.22,22.5,12.88888931,4099.95,6/25/15,89400J107,4.2,104.779,201909000.0,6/1/15,4/1/15,54021,100.1249321,0.75,5.350969219,0.350287,21 - 23,Priced Within Range,0,7,115,1,31.19,38.64,1,2016-06-24,365,success,39.4419800850889,13.1862467148915
793,TRUE,TrueCar Inc,-16.8,-16.5,-34.3,80.4717,72.2046,9.0,11.77777767,649.84,5/16/14,89785L107,0.1,104.102,91728000.0,5/1/14,4/1/14,52840,100.7710708,0.75,6.397136369,0.349260984,14-Dec,Priced Below Range,4,8,9,1,14.9,65.56,1,2015-05-18,367,success,52.6069515862228,11.4030811903289
794,TRUP,Trupanion Inc,39.2,-5.0,-7.0,81.938,27.6278,10.0,14.0,265.59,7/18/14,898202106,0.1,118.151,48304600.0,7/1/14,7/1/14,53340,100.8354317,0.75,6.275748001,-0.039019396,13 - 15,Priced Below Range,3,18,60,1,8.4,-16.0,0,2015-07-20,367,success,-23.3839143341658,12.9735064219085
795,TSLA,Tesla Inc,70.6,10.2,16.9,260.015,95.104,17.0,40.52941132,1616.77,6/29/10,88160R101,3.8,45.2653,1429370000.0,6/1/10,4/1/10,50424,99.64372422,0.75,9.519523123,-0.097626708,14 - 16,Priced Above Range,5,55,177,1,1.89,-88.91,0,2011-06-29,365,success,-100.0,43.6311131798062
796,TSLX,Sixth Street Specialty Lending,6.2,73.8,3.9,128.8,52.9377,16.0,0.0,847.0,3/21/14,83012A109,0.0339756,52.7292,42701800.0,3/1/14,1/1/14,52266,100.6756095,0.75,6.763461499,0.644004413,16 - 17,Priced Within Range,3,24,37,0,5.94,-62.89,0,2015-03-23,367,success,-74.8239732557489,0.293267128416697
797,TSQ,Townsquare Media Inc,12.5,4.0,2.8,98.1563,9.3572,11.0,-6.818181992,102.93,7/24/14,892231101,3.6,75.5633,9796270.0,7/1/14,7/1/14,53340,100.8354317,0.75,6.275748001,-0.039019396,14 - 16,Priced Below Range,4,6,103,0,10.04,-8.72,0,2015-07-24,365,success,-15.066639466661,-6.86699754879732
798,TSRO,TESARO Inc,284.9,-222.1,-92.8,86.8077,27.1007,13.5,1.407407403,365.86,6/28/12,881569107,-7.4,0.4014,221040.0,6/1/12,4/1/12,51702,99.73298716,0.75,8.221798163,-0.146639688,15-Dec,Priced Within Range,0,13,15,1,32.74,142.52,1,2013-06-28,365,success,121.65983161797,1.618387397041
799,TTD,Trade Desk Inc/The,43.1,11.5,-0.2,96.6006,0.0,18.0,67.22222137,0.0,9/21/16,88339J105,0.7,87.8597,391229000.0,9/1/16,7/1/16,54549,99.32291136,1.0,5.067702195,0.240399586,14 - 16,Priced Above Range,4,19,26,1,5.95,-66.92,0,2017-09-21,365,success,-82.8012163180488,66.1305051545913
800,TTGT,TechTarget Inc,77.5,0.3,2.1,115.115,39.0595,13.0,13.76923084,507.77,5/16/07,87874R100,2.8,104.562,30661300.0,5/1/07,4/1/07,51705,101.897221,6.25,4.507395483,0.611071867,14-Dec,Priced Within Range,4,8,159,1,13.0,0.0,0,2008-05-15,365,success,7.33749685626002,12.9065769115189
801,TTMI,TTM Technologies Inc,6.8,2.4,3.0,120.0,35.55,16.0,30.859375,568.8,9/21/00,87305R109,1.6,106.571,108922000.0,9/1/00,7/1/00,46624,100.100302,6.0,3.95818563,0.520833333,13 - 15,Priced Above Range,8,31,255,1,6.45,-59.69,0,2001-09-21,365,success,-29.5474918581021,31.0171545040201
802,TUSK,Mammoth Energy Services Inc,-26.8,-44.3,-2.5,116.25,37.5,15.0,-11.60000038,562.5,10/14/16,56155L108,-0.4,79.1832,37463400.0,10/1/16,10/1/16,54714,99.43029734,1.0,4.98714224,0.124674851,15 - 18,Priced Within Range,2,29,46,0,15.18,1.19,1,2017-10-16,367,success,-18.4046495475311,-11.6201607978154
803,TW,Tradeweb Markets Inc,20.5,21.0,4.4,1242.0,46.0,27.0,32.62963104,1242.0,4/4/19,892672106,2.8,112.784,125278000.0,4/1/19,4/1/19,57418,99.58445085,3.0,3.5977807,0.529500161,24 - 26,Priced Above Range,3,26,76,1,44.4,64.44,1,2020-04-03,365,success,78.6405740172264,32.4211675053618
804,TWLO,Twilio Inc,61.3,-33.4,-10.3,172.5,11.5,15.0,91.93333435,1233.0,6/23/16,90138F102,-0.3,90.6109,158137000.0,6/1/16,4/1/16,54334,99.18337219,1.0,4.950735144,0.328436617,14-Dec,Priced Above Range,1,5,82,1,29.71,98.07,1,2017-06-23,365,success,82.8195869707513,90.5969264929505
805,TWST,Twist Bioscience Corp,46.8,-114.9,-24.4,80.5,27.36,14.0,0.0,383.04,10/31/18,90184D100,-2.3,115.266,64968000.0,10/1/18,10/1/18,56851,100.2681725,2.75,3.822420119,0.176676346,14 - 16,Priced Within Range,0,21,29,0,23.82,70.14,1,2019-10-31,365,success,57.7852008217794,-1.08513318160186
806,TXG,10X Genomics Inc,64.1,-11.8,-16.8,448.5,19.5954,39.0,35.25640869,764.221,9/12/19,88025U109,-0.1,104.684,100074000.0,9/1/19,7/1/19,57845,99.2709694,2.5,3.572134909,0.078344858,36 - 38,Priced Above Range,0,22,32,1,125.0,220.51,1,2020-09-11,365,success,207.57161065528,34.9684934038793
807,TXRH,Texas Roadhouse Inc,44.4,7.0,10.9,182.366,30.5229,17.5,28.34285736,534.15,10/5/04,882681109,6.7,106.339,71156800.0,10/1/04,10/1/04,49623,100.5370284,2.75,5.523151518,0.526592944,15 - 17,Priced Above Range,5,17,33,1,10.78,-38.38,0,2005-10-05,365,success,-46.6948297601514,28.4036468429191
808,U,Unity Software Inc,43.7,-47.9,-17.5,1495.0,267.117,52.0,31.44230843,13890.1,9/18/20,91332U101,-0.3,60.6154,250463000.0,9/1/20,7/1/20,56484,98.66695103,0.25,8.083785823,0.139274694,44 - 48,Priced Above Range,1,5,179,1,127.56,145.31,1,2021-09-20,367,success,110.536977828262,32.5605666088012
809,UAN,CVR Partners LP,52.1,14.6,23.5,353.28,73.0,16.0,9.6875,1168.0,4/8/11,126633205,17.6,31.9439,3376360.0,4/1/11,4/1/11,50897,100.1934599,0.75,9.277005673,0.643942954,14-Dec,Priced Above Range,6,14,17,1,79.22,395.13,1,2012-04-09,367,success,389.866373379612,10.0879443881152
810,UBER,Uber Technologies Inc,56.7,-2.8,-26.0,8100.0,1682.52,45.0,-7.622222424,75713.4,5/10/19,90353T100,-0.2,81.4197,1623840000.0,5/1/19,4/1/19,57418,99.50838434,3.0,3.645931768,0.212875859,44 - 50,Priced Within Range,4,8,9,0,31.64,-29.69,0,2020-05-11,367,success,-29.6827132294322,-7.99425212762449
811,UCTT,Ultra Clean Holdings Inc,50.2,5.6,2.9,47.0424,16.2454,7.0,7.142857075,113.72,3/25/04,90385V107,4.8,89.5426,40738900.0,3/1/04,1/1/04,48633,101.0054486,2.0,5.860438928,0.644468314,7.50 - 7.50,Priced Below Range,1,4,54,1,6.14,-12.29,0,2005-03-28,368,success,-18.0004816459925,5.50632314666715
812,UI,Ubiquiti Inc,-10.8,22.3,35.0,105.573,89.7027,15.0,16.66666603,1345.54,10/14/11,90353W103,6.0,4.05706,2451630.0,10/1/11,10/1/11,51232,99.19631195,0.75,9.023611439,-0.206268263,15 - 17,Priced Within Range,4,23,126,1,11.51,-23.26,0,2012-10-15,367,success,-40.2666486046584,14.9286402246172
813,ULH,Universal Logistics Holdings I,25.8,4.2,13.0,121.9,15.3225,20.0,12.5,306.45,2/11/05,91388P105,3.0,25.7853,6775760.0,2/1/05,1/1/05,50068,100.4087346,3.5,5.435789926,0.576822234,18 - 20,Priced Within Range,8,54,166,1,15.42,-22.88,0,2006-02-13,367,success,-27.7319022336819,11.8074377882604
814,UPLD,Upland Software Inc,3.5,-19.2,-4.9,46.1544,14.3357,12.0,-18.75,172.028,11/6/14,91544A109,1.3,87.4073,27776300.0,11/1/14,10/1/14,53464,100.7732648,0.75,5.911112923,-0.539941794,14-Dec,Priced Within Range,1,5,82,0,7.95,-33.75,0,2015-11-06,365,success,-37.2503815147202,-19.1275513179123
815,UPST,Upstart Holdings Inc,263.5,15.9,0.3,276.362,72.4609,20.0,47.34999847,1449.22,12/16/20,91680M107,2.1,46.9466,38438600.0,12/1/20,10/1/20,57005,99.71018332,0.25,6.897872332,0.094147847,20 - 22,Priced Within Range,3,26,152,1,140.64,603.2,1,2021-12-16,365,success,577.993918094528,47.1727189448368
816,UPWK,Upwork Inc,34.5,-11.1,-8.8,215.223,104.079,15.0,41.20000076,1561.18,10/3/18,91688F104,0.0852128,89.1704,117119000.0,10/1/18,10/1/18,56851,100.2681725,2.75,3.822420119,0.176676346,14-Dec,Priced Above Range,4,8,9,1,13.69,-8.73,0,2019-10-03,365,success,-7.43450270652125,41.1288487895959
817,URGN,UroGen Pharma Ltd,307.1,-230.6,-75.8,66.8772,12.6435,13.0,7.538461685,164.365,5/4/17,N.A.,-3.8,79.0143,18244400.0,5/1/17,4/1/17,55057,99.9020738,1.5,4.399948582,0.085472183,14-Dec,Priced Within Range,0,21,29,1,57.3,340.77,1,2018-05-04,365,success,330.468772140859,7.48025140883807
818,USAC,USA Compression Partners LP,-5.2,1.6,0.9,198.0,15.0486,18.0,-2.222222328,270.87,1/15/13,90290N109,2.7,41.3908,40561000.0,1/1/13,1/1/13,51998,100.0401909,0.75,8.002806341,0.295730419,19 - 21,Priced Below Range,2,29,46,0,6.66,-63.01,0,2014-01-15,365,success,-86.5684167386515,-2.33508929695667
819,USDP,USD Partners LP,1.7,17.5,-29.3,155.04,10.2135,17.0,-5.882352829,173.63,10/9/14,903318103,1.7,12.5934,4203830.0,10/1/14,10/1/14,53464,100.8195993,0.75,5.895838862,-0.251227781,19 - 21,Priced Below Range,8,54,166,0,3.81,-77.57,0,2015-10-09,365,success,-81.076879249028,-3.81621131321807
820,USFD,US Foods Holding Corp,28.8,0.5,1.5,1175.56,220.296,23.0,8.304347992,5066.8,5/26/16,912008109,1.8,102.325,230120000.0,5/1/16,4/1/16,54334,99.17131936,1.0,4.882282302,0.4045791,21 - 24,Priced Within Range,0,10,95,1,29.81,29.61,1,2017-05-26,365,success,14.5729309476258,8.32539236291818
821,UTI,Universal Technical Institute,11.4,4.3,6.9,176.812,27.6936,20.5,28.53658485,567.72,12/17/03,913915104,1.6,88.7114,29955600.0,12/1/03,10/1/03,48450,100.6010521,2.0,5.783101078,-0.108401084,20 - 22,Priced Within Range,0,7,79,1,30.49,48.71,1,2004-12-16,365,success,36.7042039423715,28.4110209652863
822,V,Visa Inc,21.5,51.0,17.7,19650.4,446.6,44.0,28.40909004,19650.4,3/19/08,92826C839,9.8,103.227,1687780000.0,3/1/08,1/1/08,51740,101.0056536,2.5,5.116461643,0.866821293,37 - 42,Priced Above Range,3,26,109,1,11.71,-73.38,0,2009-03-19,365,success,-33.3082180443604,30.8378098682814
823,VBTX,Veritex Holdings Inc,1.5,41.1,1.3,35.1,9.0588,13.0,7.307692528,117.764,10/9/14,923451108,3.9,93.7456,50627400.0,10/1/14,10/1/14,53464,100.8195993,0.75,5.895838862,-0.251227781,14-Dec,Priced Within Range,3,9,91,1,13.35,2.67,1,2015-10-09,365,success,-0.836879249028017,9.37383404378193
824,VCTR,Victory Capital Holdings Inc,15.0,31.0,13.3,166.541,12.811,13.0,-10.76923084,0.0,2/8/18,92645B103,5.5,85.6578,58684000.0,2/1/18,1/1/18,56195,100.5687191,2.0,4.155353875,0.453468997,17 - 19,Priced Below Range,3,26,39,0,9.23,-29.02,0,2019-02-08,365,success,-33.8650232080589,-7.01558886811673
825,VCYT,Veracyte Inc,86.8,-34.4,-3.7,65.0,20.9898,13.0,1.923076868,272.87,10/30/13,92337F107,-0.4,121.975,87520700.0,10/1/13,10/1/13,52544,100.65078,0.75,7.416395048,-0.257528326,13 - 15,Priced Within Range,0,21,29,1,7.96,-38.77,0,2014-10-30,365,success,-51.3452126727929,2.41066919503634
826,VEEV,Veeva Systems Inc,26.3,23.0,10.5,300.034,122.252,20.0,85.80000305,2445.04,10/16/13,922475108,4.9,99.311,139548000.0,10/1/13,10/1/13,52544,100.65078,0.75,7.416395048,-0.257528326,16 - 18,Priced Above Range,1,5,81,1,27.82,39.1,1,2014-10-16,365,success,30.0290572125927,84.4172498384424
827,VEL,Velocity Financial Inc,8.4,34.7,1.0,94.25,19.0,13.0,3.923076868,247.0,1/17/20,92262D101,2.5,97.1846,31503200.0,1/1/20,1/1/20,57279,99.24447302,2.25,3.672894836,0.387976994,14 - 16,Priced Below Range,3,26,170,1,7.0,-46.15,0,2021-01-19,368,success,-60.1431855775726,3.53686066109842
828,VERI,Veritone Inc,99.8,-61.2,-13.7,37.5,13.8796,15.0,-12.86666679,208.194,5/12/17,92347M100,0.2,53.9412,19575100.0,5/1/17,4/1/17,55057,99.9020738,1.5,4.399948582,0.085472183,14 - 16,Priced Within Range,1,5,82,0,21.47,43.13,1,2018-05-14,367,success,29.2368978369969,-12.7188226557879
829,VERX,Vertex Inc,13.5,-0.3,-1.6,462.128,25.4167,19.0,25.94736862,482.917,7/29/20,92538J106,0.6,72.0964,35134700.0,7/1/20,7/1/20,56484,97.81746245,0.25,9.875006693,0.50582435,14 - 16,Priced Above Range,1,5,81,1,19.14,0.74,1,2021-07-29,365,success,-34.3387505891305,24.7045304520281
830,VICI,VICI Properties Inc,23.1,67.1,2.9,1391.5,359.354,20.0,10.0,7187.08,2/1/18,925652109,1.5,103.673,1034010000.0,2/1/18,1/1/18,56195,100.5687191,2.0,4.155353875,0.453468997,19 - 21,Priced Within Range,3,3,50,1,15.15,-24.24,0,2019-02-01,365,success,-20.0627952418004,10.0648088561823
831,VIR,Vir Biotechnology Inc,1334.3,48.2,58.5,142.858,109.397,20.0,-29.89999962,2187.94,10/11/19,92764N102,-0.3,85.8025,114217000.0,10/1/19,10/1/19,58017,99.278352,2.25,3.640738145,0.228619055,20 - 22,Priced Within Range,0,21,29,0,43.38,116.9,1,2020-10-12,367,success,100.855665485254,-30.9938973808159
832,VIRT,Virtu Financial Inc,-13.2,16.9,3.1,361.23,34.3051,19.0,16.7368412,606.081,4/16/15,928254101,9.9,99.5365,99338900.0,4/1/15,4/1/15,54021,100.329222,0.75,5.52420878,0.203287325,17 - 19,Priced Within Range,3,26,76,1,13.88,-26.96,0,2016-04-15,365,success,-25.8877826447051,16.8146855813616
833,VITL,Vital Farms Inc,21.7,0.9,-2.1,235.391,39.1758,22.0,60.27272797,861.868,7/31/20,92847W103,0.4,72.0576,29350400.0,7/1/20,7/1/20,56484,97.81746245,0.25,9.875006693,0.50582435,15 - 17,Priced Above Range,0,49,111,1,17.26,-21.55,0,2021-08-02,367,success,-56.6459226178731,59.5056774859772
834,VNDA,Vanda Pharmaceuticals Inc,8.2,12.3,1.0,59.6419,21.8578,10.0,-3.200000048,218.58,4/12/06,921659108,1.1,109.013,61690800.0,4/1/06,4/1/06,51210,101.1762,5.75,4.819549738,0.850850851,10-Oct,Priced Within Range,0,13,15,0,21.81,118.1,1,2007-04-12,365,success,105.703635172203,-3.32047923413514
835,VNOM,Viper Energy Partners LP,101.4,11.4,6.2,149.5,76.95,26.0,24.42307663,2000.7,6/18/14,92763M105,4.5,83.1747,61703300.0,6/1/14,4/1/14,52840,100.8107011,0.75,6.174444118,0.186212694,19 - 21,Priced Above Range,2,28,123,1,10.48,-59.7,0,2015-06-18,365,success,-66.8186246371309,23.6511885112564
836,VOYA,Voya Financial Inc,-44.7,50.2,0.4,1461.94,260.73,19.5,6.871794701,5084.24,5/2/13,929089100,0.6,123.179,119696000.0,5/1/13,4/1/13,51982,100.4875479,0.75,7.705884828,0.178040777,21 - 24,Priced Below Range,3,18,60,1,31.85,63.34,1,2014-05-02,365,success,45.4155017811623,5.93099635254538
837,VRA,Vera Bradley Inc,15.4,3.3,-5.1,202.4,42.1567,16.0,55.3125,674.51,10/21/10,92335C106,1.1,66.1118,20559600.0,10/1/10,10/1/10,50859,99.75772772,0.75,9.681642739,0.124519889,14 - 16,Priced Within Range,5,17,23,1,44.64,179.0,1,2011-10-21,365,success,175.177113973386,55.135109137735
838,VRNS,Varonis Systems Inc,33.2,-29.9,-13.1,121.44,24.3359,22.0,100.0,535.39,2/28/14,922280102,0.0681633,102.575,113059000.0,2/1/14,1/1/14,52266,100.6382872,0.75,6.7788573,0.369790865,19 - 21,Priced Above Range,1,1,127,1,10.5,-52.27,0,2015-03-02,367,success,-65.7842136450006,99.721731126659
839,VRNT,Verint Systems Inc,5.3,1.6,0.2,72.0,23.3906,16.0,-9.4375,374.25,5/16/02,92343X100,1.9,112.895,73615800.0,5/1/02,4/1/02,46866,99.45832738,1.25,5.85679877,0.0,16 - 18,Priced Within Range,1,5,81,0,10.18,-36.35,0,2003-05-16,365,success,-21.8767153879737,-10.09373968713
840,VRSK,Verisk Analytics Inc,7.6,22.2,14.1,2155.91,113.076,22.0,23.72727203,2487.67,10/7/09,92345Y106,7.1,100.639,157387000.0,10/1/09,10/1/09,49886,98.18717138,0.5,10.18384358,0.096310119,19 - 21,Priced Above Range,0,7,8,1,26.47,20.33,1,2010-10-07,365,success,10.5747050537709,23.4561114301596
841,VVV,Valvoline Inc,26.6,14.0,13.6,759.0,200.0,22.0,5.0,4400.0,9/23/16,92047W101,1.5,96.5382,170892000.0,9/1/16,7/1/16,54549,99.32291136,1.0,5.067702195,0.240399586,20 - 23,Priced Within Range,6,14,75,1,21.17,-3.76,0,2017-09-25,367,success,-19.2777030501108,5.57367748142554
842,VYGR,Voyager Therapeutics Inc,-78.1,-190.2,-9.3,80.5,26.7847,14.0,26.7857151,364.486,11/11/15,92915B106,-1.4,64.2294,24797300.0,11/1/15,10/1/15,54045,99.41157201,0.75,5.199007422,-0.211068038,15 - 17,Priced Below Range,0,13,15,1,12.46,-11.0,0,2016-11-10,365,success,-14.1113281445783,27.1085236954698
843,W,Wayfair Inc,-3.0,-0.9,-29.1,366.85,12.65,29.0,30.06896591,319.0,10/2/14,94419L101,3.9,129.918,105793000.0,10/1/14,10/1/14,53464,100.8195993,0.75,5.895838862,-0.251227781,25 - 28,Priced Above Range,4,8,138,1,36.18,24.76,1,2015-10-02,365,success,26.1031516470305,30.0684515638093
844,WAL,Western Alliance Bancorp,54.8,44.8,1.6,93.5,22.1222,22.0,15.45454502,486.69,6/30/05,957638109,-25.8,98.904,107718000.0,6/1/05,4/1/05,50204,100.2962748,4.25,5.089785897,0.051440329,19 - 21,Priced Above Range,3,9,70,1,30.48,38.56,1,2006-06-30,365,success,33.9710073599123,16.1646354621737
845,WBBW,Westbury Bancorp Inc,-11.2,23.9,0.8,50.916,5.0916,10.0,35.20000076,50.92,4/10/13,95727P106,1.0,39.6302,1100420.0,4/1/13,4/1/13,51982,100.384401,0.75,7.675765434,-0.103963948,10-Oct,Priced Within Range,3,9,121,1,14.38,43.8,1,2014-04-10,365,success,27.5938401213536,33.9810875066842
846,WD,Walker & Dunlop Inc,16.1,21.1,4.5,102.213,22.1112,10.0,-1.0,221.11,12/15/10,93148P102,28.0,83.5033,27566200.0,12/1/10,10/1/10,50859,100.0833654,0.75,9.571029496,0.171844079,14 - 16,Priced Below Range,3,9,259,0,9.92,-0.82,0,2011-12-15,365,success,-0.92038543591695,-0.487754719821897
847,WDAY,Workday Inc,19.0,0.5,-1.7,732.55,26.1625,28.0,73.89286041,732.55,10/12/12,98138H101,6.6,101.544,204104000.0,10/1/12,10/1/12,51634,99.71850812,0.75,8.014015423,-0.038892514,24 - 26,Priced Above Range,1,5,81,1,81.5,191.07,1,2013-10-14,367,success,171.361752308164,74.1894741352484
848,WEB,Web.com Group Inc,5.4,7.1,3.2,68.0,16.4946,10.0,0.100000002,164.95,11/1/05,94733A104,3.0,0.360838,181216.0,11/1/05,10/1/05,50629,100.7991232,5.0,5.136890026,-0.803212851,11-Sep,Priced Within Range,4,8,169,1,10.24,2.4,1,2006-11-01,365,success,-12.1640063307392,0.452109757908325
849,WES,Western Midstream Partners LP,3.7,31.8,9.8,434.68,214.53,22.0,27.27272797,4719.66,12/7/12,958669103,4.3,44.7886,172699000.0,12/1/12,10/1/12,51634,99.9128809,0.75,8.062128282,-0.269306449,19 - 21,Priced Above Range,2,2,2,1,18.42,-16.26,0,2013-12-09,367,success,-42.1374317892497,26.9806360020004
850,WEX,WEX Inc,18.6,0.00740324,0.9,720.0,40.269,18.0,-5.0,724.84,2/16/05,96208T104,3.3,123.268,53736400.0,2/1/05,1/1/05,50068,100.4087346,3.5,5.435789926,0.576822234,19 - 21,Priced Below Range,0,7,115,0,23.73,31.83,1,2006-02-16,365,success,26.4439047845008,-5.01817761882366
851,WHD,Cactus Inc,25.8,11.3,9.1,502.55,26.45,19.0,6.578947544,1422.91,2/8/18,127203107,1.1,118.236,71791600.0,2/1/18,1/1/18,56195,100.5687191,2.0,4.155353875,0.453468997,16 - 19,Priced Within Range,8,36,206,1,29.99,57.82,1,2019-02-08,365,success,52.9749767919411,10.3325895158833
852,WHF,WhiteHorse Finance Inc,16.9,41.7,3.2,100.001,14.9656,15.0,-7.333333492,224.48,12/5/12,96524V106,-4.2,36.365,8452340.0,12/1/12,10/1/12,51634,99.9128809,0.75,8.062128282,-0.269306449,15 - 15,Priced Within Range,3,24,37,0,3.51,-76.63,0,2013-12-05,365,success,-100.0,-7.49181968100123
853,WING,Wingstop Inc,13.5,15.1,12.5,126.73,28.5812,19.0,61.0,543.043,6/12/15,974155103,1.6,126.608,37876600.0,6/1/15,4/1/15,54021,100.1249321,0.75,5.350969219,0.350287,16 - 18,Priced Above Range,5,17,33,1,19.24,1.24,1,2016-06-13,367,success,0.219524862204382,61.6994299883164
854,WK,Workiva Inc,26.0,-8.5,-11.9,100.8,27.0979,14.0,-1.785714269,379.371,12/12/14,98139A105,0.9,100.186,48747700.0,12/1/14,10/1/14,53464,100.70291,0.75,5.685242715,-0.567010091,13 - 15,Priced Within Range,1,5,81,0,17.5,25.0,1,2015-12-14,367,success,22.5079020392981,-0.164355535359856
855,WLDN,Willdan Group Inc,-9.5,-2.3,-2.2,33.35,7.1476,10.0,5.599999905,71.48,11/21/06,96924N100,0.7,89.309,11873600.0,11/1/06,10/1/06,51455,101.2916395,6.25,4.568466443,-0.148662042,11-Sep,Priced Within Range,0,7,73,1,6.36,-36.4,0,2007-11-21,365,success,-39.0297139632929,5.43505459975189
856,WLK,Westlake Corp,56.9,17.1,14.1,194.173,63.27,14.5,1.034482718,917.42,8/11/04,960413102,18.7,28.826,36764000.0,8/1/04,7/1/04,49243,100.6961111,2.5,5.45422641,0.05279831,16 - 18,Priced Below Range,6,14,133,1,12.41,-14.44,0,2005-08-11,365,success,-28.1359779007584,1.33567636073191
857,WLKP,Westlake Chemical Partners LP,25.6,6.7,5.5,310.5,14.3736,24.0,28.25,344.97,7/30/14,960417103,11.6,54.2779,19117700.0,7/1/14,7/1/14,53340,100.8354317,0.75,6.275748001,-0.039019396,19 - 21,Priced Above Range,6,14,75,1,9.97,-58.44,0,2015-07-30,365,success,-64.6925726180485,28.2439087284964
858,WMG,Warner Music Group Corp,18.7,5.7,5.8,2213.75,88.55,25.0,20.47999954,2213.75,6/3/20,934550203,1.2,102.455,140567000.0,6/1/20,4/1/20,52394,96.38894556,0.25,10.71621054,0.547204693,23 - 26,Priced Within Range,5,16,262,1,31.72,26.88,1,2021-06-03,365,success,-7.67699025474392,19.1151016208788
859,WMS,Advanced Drainage Systems Inc,39.6,9.8,16.1,241.6,52.7482,16.0,0.9375,843.97,7/25/14,00790R104,3.8,94.2848,78120400.0,7/1/14,7/1/14,53340,100.8354317,0.75,6.275748001,-0.039019396,17 - 19,Priced Below Range,8,50,263,1,24.62,53.9,1,2015-07-27,367,success,47.6417259860381,1.42241504426519
860,WOW,WideOpenWest Inc,-36.8,106.1,12.4,356.5,87.4694,17.0,-2.941176414,1486.98,5/25/17,96758W101,2.1,92.7421,81297900.0,5/1/17,4/1/17,55057,99.9020738,1.5,4.399948582,0.085472183,20 - 22,Priced Below Range,4,6,97,0,8.68,-48.94,0,2018-05-25,365,success,-62.1164280969094,-3.38537121913929
861,WSBF,Waterstone Financial Inc,-15.3,27.3,1.4,87.975,0.0,10.0,12.5,0.0,8/11/05,94188P101,6.5,58.837,13056100.0,8/1/05,7/1/05,50470,100.3998318,4.5,4.955369401,0.511770727,10-Oct,Priced Within Range,3,20,110,1,8.21,-17.94,0,2006-08-11,365,success,-20.2133610698505,11.7938050519725
862,WSR,Whitestone REIT,6.3,9.6,1.6,26.4,5.68703,12.0,-4.166666508,68.24,8/26/10,966084204,1.0,66.6416,32911600.0,8/1/10,7/1/10,50706,99.58336277,0.75,9.623419089,0.138066428,14 - 16,Priced Below Range,3,3,120,0,4.31,-64.04,0,2011-08-26,365,success,-75.0338702649131,-3.39818789579996
863,WTI,W&T Offshore Inc,0.5,-10.8,10.2,240.451,65.9692,19.0,-2.631578922,1253.41,1/28/05,92922P106,0.9,57.8967,82885900.0,1/1/05,1/1/05,50068,100.465498,3.25,5.311398023,0.21019443,16.50 - 18.50,Priced Above Range,2,28,43,0,28.1,47.91,1,2006-01-30,367,success,39.1620512641551,-2.35998010824865
864,WTTR,Select Energy Services Inc,26.3,-5.5,5.1,140.07,14.083,14.0,0.142857149,197.162,4/21/17,81617J301,-0.1,82.6329,81064900.0,4/1/17,4/1/17,55057,99.87725138,1.5,4.433586626,0.296553337,15 - 18,Priced Below Range,2,29,46,1,13.97,-0.19,0,2018-04-23,367,success,-14.8551942424272,0.446364464136575
865,WVE,WaVe Life Sciences Ltd,104.0,-298.4,-57.2,111.888,21.5513,16.0,0.0,344.821,11/11/15,N.A.,-1.7,76.4364,66423800.0,11/1/15,10/1/15,54045,99.41157201,0.75,5.199007422,-0.211068038,15 - 17,Priced Within Range,0,21,29,0,36.42,127.62,1,2016-11-10,365,success,124.508671855422,0.322808595469826
866,WYNN,Wynn Resorts Ltd,79.5,-20.0,-5.2,491.845,77.8342,13.0,0.07692308,1011.84,10/25/02,983134107,-1.9,74.3878,84291500.0,10/1/02,10/1/02,46883,98.30208375,1.25,5.783866299,0.165745856,13 - 14,Priced Within Range,5,11,12,1,11.1,-14.62,0,2003-10-27,367,success,-29.7840385339469,-1.63979356589235
867,XBIT,XBiotech Inc,-58.1,-94.6,-8.6,76.0,31.7166,19.0,22.36842155,602.615,4/15/15,98400H102,2.3,17.5232,5333930.0,4/1/15,4/1/15,54021,100.329222,0.75,5.52420878,0.203287325,18 - 20,Priced Within Range,0,21,29,1,10.38,-45.35,0,2016-04-14,365,success,-43.2181631565937,21.8536019766089
868,XGN,Exagen Inc,15.0,-55.5,-31.3,57.96,12.0348,14.0,32.7142868,168.487,9/19/19,30068X103,-1.2,58.7491,9579320.0,9/1/19,7/1/19,57845,99.2709694,2.5,3.572134909,0.078344858,14 - 16,Priced Within Range,0,21,29,1,12.75,-8.93,0,2020-09-18,365,success,-21.5248252484549,32.7122893143462
869,XNCR,Xencor Inc,124.2,30.0,3.9,80.5173,31.3321,5.5,51.63636398,172.33,12/3/13,98401F105,-0.2,105.708,63344200.0,12/1/13,10/1/13,52544,100.6417272,0.75,6.837206606,-0.00858115,5.50 - 5.50,Priced Within Range,0,21,29,1,11.31,105.64,1,2014-12-03,365,success,91.2517921317533,51.9556487777884
870,XPRO,Expro Group Holdings NV,22.3,-15.9,-9.4,759.0,153.524,22.0,19.81818199,3377.53,8/9/13,N.A.,0.2,101.54,110417000.0,8/1/13,7/1/13,52284,100.641767,0.75,7.391202966,0.120293156,19 - 21,Priced Above Range,2,29,46,1,110.25,401.12,1,2014-08-11,367,success,388.222559014016,20.1751780118323
871,YELP,Yelp Inc,18.2,3.8,3.7,123.337,8.2225,15.0,63.86666489,123.34,3/2/12,985817105,2.8,116.811,81420000.0,3/1/12,1/1/12,51559,99.92363477,0.75,8.317498152,0.759455862,14-Dec,Priced Above Range,4,8,159,1,23.18,54.53,1,2013-03-04,367,success,43.1714618961272,64.1912405080713
872,YETI,YETI Holdings Inc,29.2,15.0,20.6,304.538,83.6474,18.0,-5.555555344,1505.65,10/25/18,98585X104,1.6,111.173,95884400.0,10/1/18,10/1/18,56851,100.2681725,2.75,3.822420119,0.176676346,19 - 21,Priced Below Range,5,12,233,0,32.81,82.28,1,2019-10-25,365,success,71.0173099442494,-7.41805932256806
873,YEXT,Yext Inc,10.1,-23.8,-17.9,132.825,87.0645,11.0,21.90909004,957.71,4/13/17,98585N106,0.1,81.5279,100635000.0,4/1/17,4/1/17,55057,99.87725138,1.5,4.433586626,0.296553337,10-Aug,Priced Above Range,1,5,82,1,12.56,14.18,1,2018-04-13,365,success,-0.20588402709733,22.5905594852883
874,YMAB,Y-mAbs Therapeutics Inc,68.1,-158.3,-69.6,110.4,33.527,16.0,50.0,536.432,9/21/18,984241109,-2.3,74.3558,32469800.0,9/1/18,7/1/18,56831,100.4151294,2.75,3.746935562,0.116202518,14 - 16,Priced Within Range,0,13,15,1,30.95,93.44,1,2019-09-23,367,success,91.3100622369976,50.0368532969376
875,ZG,Zillow Group Inc,143.9,-6.4,-3.3,79.626,17.4303,20.0,78.84999847,348.61,7/20/11,98954M101,-12.7,107.92,62806400.0,7/1/11,7/1/11,50769,99.50703914,0.75,9.061306168,0.088604567,16 - 18,Priced Above Range,4,8,9,1,13.12,-34.39,0,2012-07-19,365,success,-37.2432914205424,78.9170817509552
876,ZM,Zoom Video Communications Inc,54.6,33.5,13.6,864.0,27.3888,36.0,72.22222137,985.997,4/18/19,98980L101,5.4,80.2652,201446000.0,4/1/19,4/1/19,57418,99.58445085,3.0,3.5977807,0.529500161,33 - 35,Priced Above Range,1,5,122,1,150.06,316.83,1,2020-04-17,365,success,320.460942845583,72.0643121463493
877,ZOES,Zoe's Kitchen Inc,13.8,-0.6,-12.6,100.623,19.2696,15.0,64.80000305,289.04,4/11/14,98979J109,1.6,0.645846,126623.0,4/1/14,4/1/14,52840,100.7244786,0.75,6.336592395,0.329675445,13 - 15,Priced Within Range,5,17,33,1,34.56,130.4,1,2015-04-13,367,success,114.628027509902,65.7486804354615
878,ZS,Zscaler Inc,62.0,-35.7,-15.3,220.8,119.131,16.0,106.25,1906.1,3/16/18,98980G102,2.2,47.7445,68299700.0,3/1/18,1/1/18,56195,100.6306862,2.25,4.075548902,0.22611259,13 - 15,Priced Above Range,1,1,127,1,67.28,320.5,1,2019-03-18,367,success,317.939327264656,106.07965527013
879,ZTS,Zoetis Inc,16.4,26.2,15.1,2574.39,99.015,26.0,19.26922989,2574.39,2/1/13,98978V103,4.6,102.747,478873000.0,2/1/13,1/1/13,51998,100.169431,0.75,7.762535211,0.819002953,22 - 25,Priced Above Range,0,13,15,1,27.79,6.88,1,2014-02-03,367,success,-11.691600601948,18.2639593056777
880,ZUMZ,Zumiez Inc,19.5,10.0,7.9,64.6875,13.1803,18.0,38.16666794,237.25,5/6/05,989817101,5.5,99.5481,19382400.0,5/1/05,4/1/05,50204,100.2702497,4.0,5.200249935,-0.102774923,15 - 17,Priced Above Range,5,17,92,1,33.75,87.5,1,2006-05-08,367,success,75.4711421106479,38.2758267534827
881,ZWS,Zurn Elkay Water Solutions Cor,-54.0,13.2,-0.5,490.262,94.0772,18.0,11.11111069,1693.39,3/29/12,98983L108,1.8,99.6856,177236000.0,3/1/12,1/1/12,51559,99.92363477,0.75,8.317498152,0.759455862,18 - 20,Priced Within Range,8,36,206,1,9.38,-47.87,0,2013-04-01,368,success,-59.1927589445014,11.2719036903622
